Timestamp,Gender,Age,Location,Education,Access_Info,Heard_App,Use_App,ATSPPH_1,ATSPPH_2,ATSPPH_3,ATSPPH_4,ATSPPH_5,ATSPPH_6,ATSPPH_7,ATSPPH_8,ATSPPH_9,ATSPPH_10,Trust_1,Trust_2,Trust_3,Trust_4,Trust_5,Trust_6,Trust_7,Trust_8,Trust_9,Trust_10,Trust_11,Trust_12,Interest_1,Interest_2,Interest_3,Interest_4,Interest_5,Interest_6,Interest_7,Interest_8,Interest_9,Interest_10,Interest_11,Interest_12,Interest_13,Interest_14,Interest_15,Interest_16,Interest_17,Interest_18,Interest_19,Interest_20,Feature_1,Feature_2,Feature_3,Feature_4,Feature_5,Feature_6,Feature_7,Feature_8,Feature_9,Feature_10,Feature_11,Feature_12,Feature_13,Feature_14,Feature_15
3/16/2026 2:30:40,Female,18.0,Urban,College or higher,Yes,Yes,No,4,2,3,4,3,2,5,2,4,3,2,4,3,2,4,3,4,3,3,2,3,3,3,3,3,1,2,1,1,1,1,1,1,2,1,2,3,1,1,1,2,1,5,5,4,4,4,4,3,2,4,4,5,5,5,5,2
3/16/2026 2:38:22,Female,18.0,Rural,College or higher,Yes,Yes,No,4,4,4,4,4,4,4,4,4,4,4,4,4,4,4,4,4,4,4,4,4,4,4,4,4,4,4,4,4,4,4,4,4,4,4,4,4,4,4,4,4,4,4,4,4,4,4,4,4,4,4,4,4,4,4,4,4
3/16/2026 2:53:22,Female,18.0,Rural,College or higher,Yes,Yes,No,3,3,4,4,3,3,4,3,4,3,3,4,3,3,3,4,3,3,3,2,2,3,2,3,3,2,2,2,3,2,2,2,3,2,2,2,3,1,1,1,1,2,4,4,4,4,4,4,4,4,4,4,4,4,4,4,4
3/16/2026 2:54:06,Male,18.0,Urban,College or higher,Yes,Yes,No,4,2,5,5,4,3,2,3,2,3,3,4,4,3,3,4,3,3,4,2,2,4,2,1,1,2,1,1,1,2,3,2,3,1,1,1,1,1,1,1,2,4,5,5,5,5,4,4,5,5,4,3,5,5,5,5,4
3/16/2026 3:06:41,Female,18.0,Urban,College or higher,Yes,No,No,2,1,4,5,4,5,1,1,3,5,1,4,5,2,3,4,2,3,3,1,2,2,3,3,2,2,1,2,4,4,4,4,3,3,1,1,1,2,2,1,1,4,5,5,5,5,5,4,3,4,2,5,5,5,5,5,4
3/16/2026 3:27:49,Male,18.0,Rural,College or higher,Yes,Yes,No,4,2,4,5,5,5,3,2,3,3,4,4,4,2,3,4,2,3,3,2,3,3,2,4,4,5,5,5,3,4,4,4,3,4,2,2,3,3,2,2,3,4,5,5,5,4,5,5,3,3,5,5,5,5,5,5,5
3/16/2026 3:54:19,Male,18.0,Urban,College or higher,Yes,Yes,Yes,5,5,5,5,5,5,5,2,4,4,3,4,4,5,5,5,5,5,5,5,5,5,5,5,5,5,5,5,5,5,5,5,5,5,5,5,5,5,5,5,5,5,5,5,5,5,5,5,5,5,5,5,5,5,5,5,5
3/16/2026 4:03:27,Male,18.0,Urban,High school or lower,Yes,Yes,No,4,3,3,4,3,3,2,3,2,3,2,5,5,3,3,2,3,4,2,2,3,3,1,2,3,1,1,1,1,1,1,2,2,1,1,1,1,1,1,1,1,2,5,3,3,3,4,4,4,4,4,4,4,4,4,3,3
3/16/2026 6:01:26,Female,18.0,Urban,High school or lower,Yes,Yes,No,3,2,4,3,4,3,3,2,2,3,3,5,3,3,3,3,2,4,3,2,3,3,1,2,2,2,1,1,1,1,1,1,3,2,1,2,1,2,2,1,1,2,4,4,3,5,5,4,4,4,4,4,5,5,5,3,4
3/16/2026 6:29:59,Male,18.0,Urban,High school or lower,Yes,Yes,No,3,3,3,3,3,3,3,3,3,3,3,4,4,4,4,4,4,4,4,4,4,4,4,4,4,4,4,4,4,4,4,4,4,4,4,4,4,4,4,4,4,4,4,4,4,4,4,4,4,4,4,4,4,4,4,4,4
3/16/2026 6:31:31,Male,18.0,Urban,High school or lower,Yes,Yes,No,4,4,4,4,4,4,4,4,4,4,4,4,4,4,4,4,4,4,4,4,4,4,4,4,4,4,4,4,4,4,4,4,4,4,4,4,4,4,4,4,4,4,4,4,4,4,4,4,4,4,4,4,4,4,4,4,4
3/16/2026 23:23:48,Female,18.0,Urban,High school or lower,Yes,Yes,Yes,4,3,3,3,3,3,3,3,3,3,3,3,3,3,3,3,3,3,3,3,3,3,3,3,3,3,3,3,3,3,3,3,3,3,3,3,3,3,3,3,3,3,4,4,4,4,4,4,4,4,4,4,4,4,4,4,4
3/17/2026 4:26:50,Female,18.0,Rural,High school or lower,Yes,No,No,3,3,4,4,3,4,4,1,1,4,3,2,4,3,4,4,3,3,3,2,3,3,3,3,3,3,2,3,3,3,3,3,3,3,3,3,3,2,3,3,2,3,4,4,3,4,4,4,3,3,4,4,4,4,4,4,4
3/18/2026 7:55:08,Male,18.0,Rural,College or higher,Yes,Yes,No,5,4,4,4,4,4,4,4,4,4,3,3,3,3,3,3,3,3,3,3,3,3,3,3,3,3,3,3,3,3,3,3,3,3,3,3,3,3,3,3,3,3,4,4,4,4,4,4,4,4,4,4,4,4,4,4,4
3/18/2026 7:57:03,Female,18.0,Urban,College or higher,Yes,No,No,1,1,2,1,1,1,2,1,2,1,1,5,4,4,4,4,4,3,4,4,4,4,1,2,3,3,1,1,3,3,3,1,3,3,3,3,3,3,1,1,1,3,2,4,3,2,4,2,4,2,2,4,4,2,2,4,4
3/18/2026 12:14:22,Male,18.0,Rural,College or higher,Yes,Yes,No,4,4,4,3,4,5,4,5,4,4,5,4,4,5,4,5,4,4,5,5,4,3,4,3,4,5,4,3,5,4,4,5,5,4,4,5,5,4,4,5,5,4,4,3,5,4,4,5,4,3,5,4,4,3,4,4,4
3/18/2026 12:26:29,Female,18.0,Rural,High school or lower,Yes,No,No,5,1,5,3,5,5,5,1,3,2,1,2,2,3,5,5,5,5,3,2,2,3,3,3,4,3,4,4,4,4,4,4,4,4,4,4,4,4,4,4,4,4,4,4,5,5,5,5,4,5,5,5,5,5,5,5,5
3/18/2026 12:28:01,Male,18.0,Urban,College or higher,Yes,No,No,3,3,3,3,3,3,3,3,3,3,3,3,3,3,3,3,3,3,3,3,3,3,3,3,3,3,3,3,3,3,3,3,3,3,3,3,3,3,3,3,3,3,5,5,5,5,5,5,5,5,5,5,5,5,5,5,5
3/20/2026 9:17:19,Female,18.0,Rural,High school or lower,Yes,Yes,No,4,2,4,4,4,4,3,3,4,4,3,4,3,2,2,2,3,3,2,2,3,2,2,2,3,3,4,4,2,2,3,3,2,4,3,4,3,3,4,3,2,2,4,3,4,4,4,5,4,4,3,3,4,4,4,3,4
3/25/2026 11:53:11,Female,18.0,Rural,High school or lower,Yes,Yes,No,4,4,4,4,4,4,4,4,4,4,1,1,1,1,1,1,1,1,1,1,1,1,2,3,2,4,2,2,3,3,3,2,4,2,3,3,2,2,3,2,2,2,4,5,3,4,3,3,3,3,3,5,5,5,4,3,3
4/7/2026 6:19:59,Female,18.0,Urban,College or higher,Yes,Yes,Yes,4,4,4,4,4,4,4,2,3,3,3,3,3,3,3,3,3,3,3,3,3,3,3,3,3,3,3,3,3,3,3,3,3,3,3,3,3,3,3,3,3,3,4,4,4,4,4,4,4,4,4,4,4,4,4,4,4
4/23/2026 0:53:01,Female,18.0,Rural,High school or lower,Yes,Yes,No,4,4,4,3,4,5,4,3,5,4,4,5,3,4,5,5,4,5,4,5,4,4,4,3,4,3,4,3,4,4,3,3,5,5,4,4,4,5,4,5,4,5,4,5,4,5,4,3,5,5,4,5,5,4,4,5,5
4/23/2026 0:54:34,Female,18.0,Urban,High school or lower,Yes,Yes,Yes,5,5,5,5,5,5,5,5,5,5,5,5,5,5,5,5,5,5,5,5,5,5,4,4,4,4,4,4,4,4,4,4,4,4,4,4,4,4,4,4,4,4,5,5,5,5,5,5,5,5,5,5,5,5,5,5,5
4/23/2026 1:15:29,Female,18.0,Urban,High school or lower,Yes,No,No,3,1,3,4,3,3,2,3,3,3,3,4,3,2,4,4,4,3,3,2,3,3,2,2,4,3,3,3,3,3,3,3,3,3,2,1,2,4,2,2,2,3,4,5,5,5,5,4,3,4,4,4,5,5,5,4,3
4/23/2026 1:15:35,Female,18.0,Urban,High school or lower,Yes,Yes,No,4,4,4,4,4,4,4,4,4,4,4,4,4,4,4,4,4,4,4,4,4,4,3,3,3,3,3,3,3,3,3,3,3,3,3,3,3,3,3,3,3,4,4,4,4,4,4,4,4,4,4,4,4,4,4,4,4
4/23/2026 2:11:39,Male,18.0,Urban,High school or lower,Yes,No,No,3,2,4,5,3,4,4,2,3,3,2,3,3,3,3,3,3,3,3,3,3,3,2,2,3,3,3,3,3,3,3,3,3,3,3,3,3,3,3,3,3,3,4,4,4,4,4,4,4,4,4,4,4,4,4,4,4
4/23/2026 7:55:04,Female,18.0,Urban,High school or lower,Yes,Yes,Yes,1,1,1,1,1,1,1,1,1,1,1,1,1,1,1,1,1,1,1,1,1,1,1,1,4,4,4,4,4,4,4,4,4,4,4,4,4,4,4,4,4,4,4,4,4,4,4,4,4,4,4,4,4,4,4,4,4
4/23/2026 8:03:56,Male,18.0,Urban,High school or lower,Yes,Yes,No,4,4,4,4,4,4,4,4,4,4,1,3,3,3,3,3,3,3,3,2,3,3,4,3,3,3,3,3,3,3,3,3,4,3,4,3,3,4,3,3,4,4,4,3,5,5,5,5,3,3,4,4,4,5,4,4,4
4/23/2026 8:08:07,Female,18.0,Rural,High school or lower,No,No,No,3,2,4,4,4,4,4,2,4,4,2,4,3,2,3,4,4,4,4,3,4,3,2,2,2,2,2,2,2,2,2,2,2,2,2,2,2,2,2,2,2,2,5,3,2,5,5,4,3,3,5,2,2,2,2,2,3
4/23/2026 8:21:26,Male,18.0,Rural,High school or lower,No,Yes,No,3,3,3,3,3,3,3,3,3,3,2,3,3,3,3,3,3,3,3,3,3,3,3,3,3,3,3,3,3,3,3,3,3,3,3,3,3,3,3,3,3,3,2,2,2,2,2,2,2,2,2,2,2,2,2,2,2
4/23/2026 8:45:08,Female,18.0,Urban,High school or lower,Yes,No,No,1,1,1,1,2,3,3,3,3,3,4,2,2,4,3,3,3,3,2,3,3,2,1,2,2,2,2,2,2,2,2,2,2,2,2,2,2,3,2,2,3,2,2,4,3,4,2,3,3,3,4,3,3,4,4,3,3
4/24/2026 10:51:46,Female,18.0,Urban,High school or lower,No,Yes,No,3,3,2,4,3,2,2,2,2,1,4,3,3,4,3,3,3,4,4,2,2,2,3,3,2,4,3,3,4,3,3,1,3,2,3,3,3,2,2,2,2,3,4,3,4,4,3,4,2,2,4,4,4,4,4,4,3
4/24/2026 11:32:51,Female,18.0,Rural,High school or lower,Yes,Yes,No,4,1,5,5,5,5,5,1,5,1,1,1,1,5,5,5,5,5,5,5,5,5,5,5,5,5,5,5,5,5,5,5,5,5,5,5,5,5,5,5,5,5,5,5,5,5,5,5,5,5,5,5,5,5,5,5,5
4/24/2026 12:32:21,Male,18.0,Urban,College or higher,Yes,Yes,Yes,5,5,4,5,5,4,5,5,4,5,5,4,4,5,4,5,4,4,5,5,4,5,5,4,4,5,4,4,5,5,5,5,4,5,4,5,5,5,4,4,4,5,5,4,4,4,4,5,5,5,4,5,4,5,5,4,5
3/16/2026 1:49:07,Female,19.0,Urban,College or higher,No,Yes,No,4,4,4,4,4,4,4,4,4,4,4,4,4,4,4,4,4,4,4,4,4,4,4,4,4,4,4,4,4,4,4,4,4,4,4,4,4,4,4,4,4,4,4,4,4,4,4,4,4,4,4,4,4,4,4,4,4
3/16/2026 1:52:12,Female,19.0,Urban,College or higher,Yes,No,No,2,3,4,3,3,2,4,3,4,4,2,4,4,4,4,4,4,4,4,3,3,3,3,3,3,3,3,2,2,2,3,2,3,4,2,2,2,2,2,2,2,3,4,4,4,4,4,4,3,3,4,4,4,5,5,4,4
3/16/2026 1:52:18,Male,19.0,Urban,College or higher,Yes,No,No,4,1,5,5,4,4,5,3,2,4,3,4,3,4,4,4,4,4,3,2,3,3,3,4,4,3,3,3,4,4,3,3,3,3,3,3,4,4,4,4,3,4,5,5,5,5,5,5,4,4,5,5,5,5,5,5,4
3/16/2026 2:48:59,Female,19.0,Rural,College or higher,Yes,Yes,No,2,2,4,4,4,4,3,2,3,2,3,3,3,4,3,5,3,3,3,2,3,3,4,4,2,3,1,1,3,2,2,3,4,3,2,2,2,3,3,2,2,4,5,5,4,5,5,5,4,4,5,5,5,5,5,4,4
3/16/2026 3:17:58,Female,19.0,Urban,College or higher,Yes,No,Yes,3,2,4,5,3,4,3,2,3,5,1,4,2,3,3,5,4,5,4,3,4,4,5,3,1,2,3,3,3,1,2,3,4,4,3,2,2,4,3,3,2,4,5,4,5,5,5,2,3,3,4,5,5,5,5,5,5
3/16/2026 3:47:32,Female,19.0,Urban,College or higher,Yes,Yes,No,3,2,3,4,2,1,5,3,3,4,2,4,4,3,3,3,2,3,3,2,2,3,2,2,2,2,2,2,3,3,3,3,2,2,3,3,3,3,3,2,2,2,5,4,3,5,5,5,4,3,3,5,5,5,5,4,5
3/16/2026 4:53:53,Male,19.0,Rural,College or higher,Yes,No,No,4,3,3,4,4,3,3,2,3,4,3,3,4,3,3,3,2,3,4,3,3,2,3,2,3,2,3,3,2,3,3,3,2,2,2,3,3,2,3,3,2,4,3,4,4,3,4,3,3,4,3,3,3,4,4,3,3
3/16/2026 5:43:38,Female,19.0,Urban,College or higher,Yes,No,No,3,2,4,4,4,4,4,3,3,3,2,4,3,3,4,4,3,3,3,3,3,3,1,1,1,1,1,1,1,1,1,1,2,2,1,3,1,1,1,1,1,1,4,4,4,4,4,4,3,3,4,4,4,4,4,4,4
3/16/2026 5:52:13,Female,19.0,Rural,College or higher,Yes,No,No,3,3,3,3,3,3,3,3,3,3,3,3,3,3,3,3,3,3,3,3,3,3,3,3,3,3,3,3,3,3,3,3,3,3,3,3,3,3,3,3,3,3,4,4,4,4,4,4,4,4,4,4,4,4,4,4,4
3/16/2026 9:35:43,Female,19.0,Urban,High school or lower,Yes,No,No,3,2,2,5,2,2,2,4,2,1,4,5,5,2,3,3,2,4,3,3,3,2,4,1,1,2,2,2,2,2,2,2,4,2,2,2,4,4,2,4,2,4,5,5,4,4,4,4,3,4,4,5,5,5,5,3,2
3/17/2026 7:21:46,Female,19.0,Urban,College or higher,Yes,No,No,4,2,4,5,5,4,4,2,1,4,3,4,4,3,3,2,3,2,2,2,2,2,4,4,2,4,4,4,4,4,4,5,4,5,3,4,2,2,2,2,4,4,5,5,5,5,5,4,3,3,4,5,5,5,5,5,3
3/17/2026 9:59:35,Female,19.0,Rural,College or higher,Yes,Yes,No,3,3,3,5,4,3,3,3,4,4,3,4,4,4,4,4,3,3,3,3,3,3,3,4,4,4,4,4,4,4,4,4,4,4,4,4,4,3,4,3,4,2,4,4,5,5,5,5,3,5,5,5,5,5,5,4,4
3/17/2026 10:50:53,Male,19.0,Urban,High school or lower,No,No,No,4,2,4,4,4,4,4,2,3,2,3,4,3,4,3,3,3,3,3,2,4,3,4,4,4,3,3,4,4,4,4,4,4,4,4,3,2,4,4,4,4,4,4,4,4,4,4,4,4,4,4,5,4,5,5,5,4
3/17/2026 21:59:08,Female,19.0,Rural,High school or lower,No,Yes,No,2,2,2,2,2,2,2,2,2,2,3,3,3,3,3,3,3,3,3,3,3,3,3,3,3,3,3,3,3,3,3,3,3,3,3,3,3,3,3,3,3,3,2,2,2,2,2,2,2,2,2,2,2,2,2,2,2
3/17/2026 23:45:53,Female,19.0,Rural,High school or lower,Yes,Yes,Yes,4,3,4,4,4,4,4,4,4,4,4,4,4,4,4,4,4,4,4,4,4,4,5,5,5,5,5,5,5,5,5,5,5,5,5,5,5,5,5,5,5,5,5,5,5,5,5,5,5,5,5,5,5,5,5,5,5
3/18/2026 4:41:33,Female,19.0,Rural,High school or lower,Yes,Yes,Yes,4,4,4,4,4,4,4,4,4,4,4,4,4,4,4,4,4,4,4,4,4,4,4,4,4,4,4,4,4,4,4,4,4,4,4,4,4,4,4,4,4,4,5,5,5,5,5,5,5,5,5,5,5,5,5,5,5
3/18/2026 7:51:32,Male,19.0,Rural,College or higher,Yes,Yes,Yes,4,2,4,4,4,4,4,3,3,3,4,3,4,3,4,3,4,4,4,4,4,4,3,3,4,5,5,3,5,5,3,5,5,5,5,5,5,3,3,5,5,3,4,4,4,4,4,4,4,4,4,4,4,4,4,4,4
3/18/2026 12:09:27,Male,19.0,Rural,College or higher,Yes,Yes,No,3,3,3,3,3,3,3,3,3,3,3,3,3,3,3,3,3,3,3,3,3,3,3,3,3,3,3,3,3,3,3,3,3,3,3,3,3,3,3,3,3,3,4,4,4,4,4,4,4,4,4,4,4,4,4,4,4
3/18/2026 12:13:51,Male,19.0,Urban,College or higher,No,No,No,1,5,3,3,4,3,3,4,4,3,2,2,2,3,2,4,3,3,3,2,3,3,2,2,2,2,2,2,2,2,2,2,2,2,2,2,2,2,2,2,2,2,3,3,4,4,4,4,4,4,3,4,4,4,4,4,4
3/18/2026 15:41:16,Female,19.0,Urban,College or higher,No,No,No,3,3,3,3,3,3,3,3,3,3,3,4,3,3,3,3,3,3,3,3,3,3,3,3,3,3,3,3,3,3,3,3,3,3,3,3,3,3,3,3,3,3,4,4,4,4,4,4,4,4,4,4,4,4,4,4,4
3/19/2026 0:38:17,Female,19.0,Rural,College or higher,Yes,Yes,Yes,4,4,4,4,4,4,4,3,2,4,3,3,3,3,3,3,3,3,3,3,3,3,3,3,3,3,3,3,3,3,3,3,3,3,3,3,3,3,3,3,3,3,3,2,3,4,4,4,3,3,4,3,3,4,3,3,3
3/25/2026 10:55:54,Female,19.0,Urban,College or higher,Yes,Yes,Yes,1,1,1,1,1,1,1,1,1,2,4,1,4,4,1,1,1,1,1,1,1,1,4,1,1,1,1,4,1,1,1,1,1,1,1,1,1,1,1,1,1,1,4,3,4,3,4,4,3,4,3,4,3,4,3,4,3
4/6/2026 12:50:54,Female,19.0,Urban,High school or lower,No,No,No,5,5,4,4,5,4,5,4,5,4,1,1,2,5,5,5,5,5,4,4,5,4,5,4,5,5,4,3,4,4,5,5,4,4,4,5,5,4,4,5,4,5,5,4,5,5,5,4,4,4,4,5,5,5,4,5,5
4/7/2026 6:22:48,Male,19.0,Urban,College or higher,No,Yes,No,3,3,3,4,3,3,3,3,3,3,3,3,3,3,3,3,3,3,3,3,3,3,4,4,4,4,4,4,4,4,4,4,4,4,4,4,4,4,4,4,4,4,4,4,4,4,4,4,4,4,4,4,4,4,4,4,4
4/7/2026 6:27:09,Female,19.0,Rural,College or higher,Yes,Yes,No,4,4,4,4,5,3,3,2,2,4,3,4,4,4,3,3,4,4,2,2,3,3,3,3,2,3,2,3,3,3,3,3,3,2,2,2,2,3,4,4,2,2,5,4,5,5,5,4,4,4,4,5,5,5,5,3,3
4/22/2026 12:52:20,Male,19.0,Urban,College or higher,Yes,No,No,4,4,3,4,3,4,3,3,3,3,4,4,3,3,3,3,4,4,4,3,3,4,4,4,3,4,4,3,3,3,3,4,4,4,3,3,4,4,4,4,3,3,4,4,3,3,3,4,4,3,3,4,4,4,4,4,3
4/22/2026 13:13:09,Female,19.0,Urban,High school or lower,No,No,No,4,5,4,5,5,5,5,5,5,5,5,5,5,5,4,4,4,5,5,5,5,5,5,4,4,4,4,5,5,5,5,5,5,4,5,5,5,5,5,4,5,5,4,4,4,4,4,4,4,5,5,5,5,4,4,4,5
4/23/2026 4:55:35,Male,19.0,Rural,High school or lower,Yes,Yes,Yes,5,4,5,5,4,5,5,4,5,5,5,5,5,5,5,4,5,4,5,5,4,5,5,4,5,4,5,5,4,5,4,5,4,5,4,5,4,5,4,5,4,5,5,5,5,4,5,4,5,4,5,4,5,5,5,4,5
4/23/2026 10:57:01,Female,19.0,Urban,College or higher,Yes,No,No,3,3,4,4,3,2,3,2,2,2,4,4,4,3,3,3,4,4,3,2,1,1,1,1,2,1,1,2,2,2,3,3,4,3,2,2,1,1,2,2,3,3,4,3,4,4,4,4,3,3,4,4,3,5,5,4,4
4/24/2026 12:09:30,Female,19.0,Rural,College or higher,Yes,Yes,Yes,4,4,4,5,5,4,5,4,5,4,4,5,4,5,4,4,4,5,4,5,4,5,5,5,4,5,4,5,5,4,5,4,5,4,5,4,5,4,4,5,5,5,4,5,4,5,4,5,5,5,4,5,4,5,4,5,5
4/24/2026 12:30:53,Female,19.0,Urban,College or higher,Yes,Yes,Yes,5,4,5,5,5,4,4,5,4,5,5,4,5,4,4,4,5,4,5,5,4,5,5,4,5,4,5,4,5,4,5,5,4,5,4,4,4,5,5,4,5,4,5,5,5,4,5,5,4,4,4,5,5,4,5,4,5
4/24/2026 12:32:48,Male,19.0,Rural,High school or lower,Yes,Yes,No,5,4,5,4,5,4,4,5,4,5,4,5,4,5,4,5,4,5,4,5,4,5,4,5,4,5,5,5,4,4,4,5,4,4,5,4,5,4,5,5,5,5,5,4,5,5,5,5,4,5,4,5,4,4,4,4,4
4/24/2026 12:52:26,Male,19.0,Urban,College or higher,Yes,Yes,Yes,5,4,5,4,4,4,5,5,4,5,5,4,4,5,4,5,5,4,4,4,4,4,5,5,5,5,4,5,5,5,4,4,4,5,5,5,5,5,4,5,5,5,5,4,4,4,5,4,4,4,5,4,5,4,5,4,4
3/16/2026 3:33:46,Female,20.0,Urban,College or higher,Yes,Yes,No,3,2,4,3,4,2,4,3,3,4,4,4,4,3,4,4,4,4,4,3,3,3,2,2,2,2,2,2,2,2,2,2,2,2,2,2,2,2,2,2,2,2,5,5,5,5,5,5,5,5,5,5,5,5,5,5,5
3/16/2026 3:35:35,Male,20.0,Urban,College or higher,Yes,No,No,3,4,4,4,4,4,4,3,3,4,3,4,4,3,3,4,3,3,3,1,2,2,2,3,3,4,4,4,4,4,4,2,4,3,1,1,1,1,1,1,1,3,5,5,5,5,5,5,5,5,5,5,5,5,5,5,5
3/16/2026 5:10:22,Male,20.0,Urban,College or higher,Yes,Yes,No,4,2,3,2,2,2,3,1,2,3,3,3,3,3,2,3,2,3,2,3,2,3,2,3,3,2,3,2,3,3,2,2,3,2,3,2,2,3,3,3,2,3,4,3,4,4,5,3,4,2,4,3,4,4,4,3,3
3/16/2026 5:40:28,Male,20.0,Rural,College or higher,Yes,Yes,Yes,4,4,4,4,4,4,4,4,4,4,4,4,4,4,4,4,4,4,4,4,4,4,3,3,3,3,3,3,3,3,3,3,3,3,3,3,3,3,3,3,3,3,4,4,4,4,4,4,4,4,4,4,4,4,4,4,4
3/17/2026 4:54:25,Male,20.0,Rural,College or higher,Yes,No,No,3,3,4,4,5,5,5,3,3,5,3,4,4,2,3,3,3,3,3,2,3,3,3,4,4,4,4,3,2,4,3,3,4,3,1,2,2,4,4,3,3,3,4,4,3,4,3,4,5,3,4,4,5,5,5,5,4
3/17/2026 5:13:49,Female,20.0,Urban,College or higher,Yes,Yes,No,5,1,4,5,4,4,5,3,3,4,2,3,3,3,3,3,3,3,3,3,3,3,4,4,5,4,5,5,5,5,5,5,4,4,4,4,4,4,4,4,4,4,5,5,4,5,5,5,5,5,4,5,5,5,5,5,5
3/17/2026 5:17:16,Female,20.0,Rural,College or higher,Yes,No,No,3,3,3,3,3,3,3,3,3,3,3,3,3,3,3,3,3,3,3,3,3,2,3,4,2,3,2,2,3,3,2,3,2,3,2,3,4,3,3,3,2,3,5,4,3,4,4,4,3,3,4,4,4,4,4,3,3
3/17/2026 5:20:40,Female,20.0,Rural,College or higher,Yes,No,No,3,3,4,4,3,3,3,3,3,3,4,4,3,4,3,3,3,3,3,3,3,3,3,3,3,3,3,3,3,3,3,3,3,3,3,3,3,3,3,3,3,3,4,3,3,3,4,3,3,4,4,4,5,5,5,5,4
3/17/2026 6:49:16,Male,20.0,Urban,College or higher,No,Yes,No,3,2,4,5,4,5,3,4,4,4,3,3,3,3,3,3,3,3,3,3,3,3,3,3,3,4,2,4,4,4,4,4,4,4,4,4,4,4,3,2,4,2,4,4,3,5,5,5,3,4,3,3,3,3,4,5,5
3/17/2026 7:10:52,Female,20.0,Urban,College or higher,Yes,Yes,No,4,2,3,4,3,3,4,2,4,4,2,3,3,4,4,3,3,4,3,3,3,3,2,3,3,2,2,2,2,2,1,1,3,3,1,2,2,2,1,1,3,3,4,4,3,3,4,4,3,3,2,3,4,4,4,4,4
3/17/2026 7:19:52,Female,20.0,Urban,College or higher,Yes,Yes,Yes,4,4,4,4,4,4,4,4,4,4,3,3,3,3,3,3,3,3,3,3,3,3,3,3,3,3,3,3,3,3,3,3,3,3,3,3,3,3,3,3,3,3,4,4,4,4,4,4,4,4,4,4,4,4,4,4,4
3/17/2026 9:01:21,Female,20.0,Urban,College or higher,Yes,Yes,No,4,2,3,4,4,3,3,2,3,4,3,4,4,3,4,4,4,4,3,3,3,4,4,4,5,5,4,4,4,4,5,5,5,5,5,3,3,4,4,4,4,3,5,5,4,5,5,5,5,5,4,5,5,5,5,3,5
3/17/2026 9:53:33,Female,20.0,Urban,College or higher,Yes,Yes,No,2,1,3,5,2,1,1,4,5,5,5,5,5,1,2,1,1,1,1,1,1,1,1,1,2,1,1,1,1,1,1,1,1,1,1,1,1,1,1,1,2,1,5,5,5,5,5,5,5,5,3,5,5,5,5,5,5
3/17/2026 22:51:56,Male,20.0,Urban,College or higher,No,No,No,1,5,1,5,1,1,2,5,5,5,2,2,5,2,2,2,2,2,2,2,2,2,1,1,1,1,1,1,1,1,1,1,1,1,1,1,1,4,1,1,1,4,4,4,4,4,4,4,4,4,2,2,4,4,4,4,4
3/17/2026 22:52:17,Male,20.0,Rural,College or higher,Yes,Yes,No,3,2,4,4,3,4,4,2,3,4,2,2,4,3,2,2,2,2,3,2,2,3,1,2,2,3,4,2,2,2,3,2,2,2,1,2,1,1,2,2,2,3,5,4,4,4,5,5,3,3,4,4,5,5,5,3,2
3/17/2026 23:46:41,Male,20.0,Urban,High school or lower,Yes,Yes,No,5,5,5,5,5,5,5,3,3,4,3,4,3,3,3,3,3,3,4,3,2,3,3,3,2,1,1,1,2,2,1,1,3,4,1,4,1,1,1,1,2,3,5,5,5,5,5,5,3,3,4,3,4,5,5,5,3
3/18/2026 0:25:19,Female,20.0,Rural,College or higher,No,No,No,4,3,4,5,4,3,5,4,5,4,4,4,4,5,4,5,5,4,5,4,5,4,4,4,4,3,4,3,4,3,4,5,5,5,5,5,5,5,5,4,4,5,5,4,5,5,4,5,5,4,5,5,5,4,5,4,4
3/18/2026 1:16:45,Female,20.0,Rural,College or higher,Yes,Yes,Yes,4,4,4,4,4,4,4,4,4,4,4,4,4,4,4,4,4,4,4,4,4,4,4,4,4,4,4,4,4,4,4,4,4,4,4,4,4,4,4,4,4,4,5,5,5,5,5,5,5,5,5,5,5,5,5,5,5
3/18/2026 3:27:15,Female,20.0,Urban,College or higher,Yes,Yes,Yes,4,1,5,5,5,5,5,2,3,3,1,5,5,2,2,3,2,3,2,1,1,2,5,5,4,5,5,5,5,5,5,5,5,5,5,5,5,5,5,5,5,5,5,5,5,5,5,5,5,5,5,5,5,5,5,5,5
3/18/2026 10:40:53,Male,20.0,Rural,High school or lower,Yes,Yes,No,2,4,3,4,2,3,3,2,4,4,3,3,3,3,3,3,3,3,3,3,3,3,3,3,3,3,3,3,3,3,3,3,3,3,3,3,3,3,3,3,3,3,4,5,4,4,4,4,4,4,4,4,4,4,4,4,4
3/18/2026 12:00:40,Female,20.0,Urban,College or higher,Yes,No,No,4,2,3,3,4,4,4,2,2,3,3,3,3,3,4,3,3,3,3,3,3,3,4,2,3,2,3,4,4,4,4,3,3,4,3,3,3,3,3,3,3,3,4,3,4,3,4,4,2,2,4,4,4,4,4,4,4
4/6/2026 12:18:44,Female,20.0,Rural,College or higher,No,Yes,No,1,2,4,3,2,1,2,2,3,3,3,1,2,2,3,2,3,2,3,3,3,2,2,3,2,4,4,4,4,4,4,5,4,5,4,5,3,5,4,4,5,4,4,3,4,3,4,4,3,2,3,3,3,4,3,2,4
4/7/2026 6:24:32,Female,20.0,Urban,High school or lower,Yes,Yes,Yes,4,5,4,5,4,5,4,4,4,5,4,4,4,3,4,4,3,4,4,3,4,3,4,3,4,3,4,3,4,4,3,4,3,4,3,4,3,4,3,4,3,4,5,5,4,5,4,5,4,5,4,5,4,5,4,5,4
4/7/2026 6:25:45,Male,20.0,Rural,High school or lower,No,No,No,1,1,1,3,2,2,2,4,4,4,3,3,3,3,3,3,3,3,3,3,3,3,2,2,2,2,2,2,2,2,2,2,2,2,2,2,2,2,2,2,2,2,4,4,4,4,4,4,4,4,4,4,4,4,4,4,4
4/22/2026 12:56:10,Male,20.0,Rural,High school or lower,Yes,No,No,4,4,4,5,5,4,5,5,4,5,4,3,5,4,5,4,3,5,5,5,5,5,4,5,4,3,5,4,5,4,3,5,5,5,4,5,5,5,4,5,4,4,5,5,5,5,4,5,5,4,5,5,5,5,5,3,5
4/22/2026 13:10:14,Female,20.0,Rural,High school or lower,No,No,No,4,4,4,4,5,5,5,5,5,5,4,4,5,4,5,4,5,5,5,4,5,5,5,4,5,4,5,4,5,4,5,4,4,4,4,4,5,4,5,5,4,4,5,5,5,4,4,4,4,5,5,5,4,4,4,5,5
4/22/2026 13:23:41,Male,20.0,Rural,High school or lower,Yes,Yes,Yes,4,4,4,4,4,4,4,4,4,4,4,4,4,4,4,5,5,5,5,5,5,5,5,4,5,5,5,4,5,4,5,5,5,5,4,4,4,4,4,4,5,5,4,4,4,4,5,5,4,5,5,5,5,4,5,4,5
4/23/2026 4:54:18,Female,20.0,Urban,High school or lower,No,No,No,5,5,5,5,5,5,5,5,5,5,5,4,5,5,4,5,5,4,5,4,5,5,4,5,4,5,4,5,5,5,4,5,4,5,4,5,5,5,4,5,4,5,5,5,5,5,4,5,5,4,5,4,4,5,5,5,4
4/23/2026 9:49:59,Male,20.0,Urban,College or higher,No,No,No,1,3,1,1,1,1,1,1,1,1,3,4,4,1,1,1,1,1,1,1,1,1,4,4,4,4,4,4,4,4,4,4,4,4,4,4,4,4,4,4,4,4,4,4,4,4,4,4,4,4,4,4,4,4,4,4,4
4/23/2026 9:59:48,Female,20.0,Urban,College or higher,Yes,Yes,Yes,4,4,4,4,4,4,4,4,4,4,4,4,4,4,4,4,4,4,4,4,4,4,4,4,4,4,4,4,4,4,4,4,4,4,4,4,4,4,4,4,4,4,4,4,4,4,4,4,4,4,4,4,4,4,4,4,4
4/23/2026 19:43:41,Male,20.0,Urban,College or higher,No,No,No,1,1,1,1,1,1,1,1,1,1,1,1,1,1,1,1,1,1,1,1,1,1,1,1,1,1,1,1,1,1,1,1,1,1,1,1,1,1,1,1,1,1,5,5,5,5,5,5,5,5,5,5,5,5,5,5,5
4/23/2026 23:33:19,Female,20.0,Rural,College or higher,Yes,Yes,Yes,5,5,5,4,4,4,2,2,2,2,3,3,3,5,5,5,5,5,5,5,5,5,5,5,5,5,5,5,5,5,5,5,5,5,5,5,5,5,5,5,5,5,5,5,5,5,5,5,5,5,5,5,5,5,5,5,5
4/24/2026 12:33:54,Female,20.0,Rural,College or higher,Yes,Yes,Yes,5,4,5,5,5,5,5,5,5,5,4,5,5,4,5,4,4,5,5,5,5,5,4,5,5,5,4,4,5,4,5,4,5,4,4,4,5,5,4,5,5,4,5,4,4,4,5,5,5,4,5,4,4,5,5,5,4
4/24/2026 12:33:58,Male,20.0,Urban,High school or lower,No,No,No,5,4,3,4,5,4,3,4,5,4,4,5,5,5,5,5,5,5,5,5,5,5,5,4,4,4,5,5,5,4,4,4,4,4,4,4,4,4,4,4,4,4,5,4,5,4,4,4,3,3,4,4,5,4,4,5,5
4/25/2026 6:04:00,Female,20.0,Rural,High school or lower,No,No,No,4,4,4,4,5,5,5,4,4,3,2,4,4,5,5,4,4,4,4,4,4,4,4,5,5,5,5,5,5,5,5,5,5,5,5,5,5,5,5,5,5,5,5,4,5,5,5,5,5,5,5,5,5,5,5,5,5
4/25/2026 6:10:13,Female,20.0,Urban,High school or lower,No,No,No,4,5,5,5,5,5,5,3,4,3,3,4,4,4,4,4,4,4,4,4,4,4,4,4,4,4,4,4,4,4,4,4,4,4,4,4,4,4,4,4,4,4,5,5,5,5,5,5,5,5,5,5,5,5,5,5,5
4/25/2026 6:12:47,Male,20.0,Urban,High school or lower,No,No,No,5,5,5,5,5,5,5,2,4,4,3,4,4,4,4,4,4,4,4,4,4,4,5,5,5,5,5,5,5,5,5,5,5,5,4,5,5,5,4,4,4,3,5,5,5,5,5,5,5,5,5,5,5,5,5,5,5
4/25/2026 6:14:50,Female,20.0,Urban,High school or lower,No,No,No,5,5,5,5,5,5,4,1,4,4,3,4,4,5,5,5,5,5,5,5,5,5,4,4,4,4,4,4,4,4,4,4,4,4,4,4,4,4,4,4,4,4,5,5,5,5,5,5,5,5,5,5,5,5,5,4,4
4/25/2026 6:21:13,Female,20.0,Urban,High school or lower,No,Yes,No,4,4,5,5,5,5,5,2,4,3,3,4,4,5,5,5,5,5,5,5,5,5,4,4,4,4,4,4,4,4,4,4,4,4,4,4,4,4,4,4,3,3,5,5,5,5,5,5,5,5,5,5,5,5,5,5,5
4/25/2026 6:23:10,Female,20.0,Urban,High school or lower,No,Yes,No,5,5,5,5,5,5,5,3,4,4,3,4,4,5,5,5,5,5,5,5,5,5,4,4,4,4,4,4,4,4,4,4,4,4,4,4,4,4,4,4,3,3,5,5,5,5,5,5,5,5,5,5,5,5,5,5,5
4/25/2026 6:25:13,Male,20.0,Rural,High school or lower,No,Yes,No,5,5,5,5,5,5,5,3,4,3,3,4,4,5,5,5,5,5,5,5,5,5,4,4,4,4,4,4,4,4,4,4,4,4,4,4,4,4,4,4,4,4,5,5,5,5,5,5,5,5,5,5,5,5,5,5,5
3/16/2026 2:31:15,Male,21.0,Urban,College or higher,Yes,Yes,No,4,5,5,3,3,3,1,3,3,4,3,2,3,3,4,3,5,3,3,2,2,2,4,2,2,4,3,4,3,2,3,4,4,3,1,2,5,4,4,2,1,5,5,5,3,5,5,5,3,3,3,4,5,5,5,5,2
3/16/2026 4:37:16,Female,21.0,Rural,College or higher,Yes,Yes,No,3,2,4,4,4,3,4,2,3,3,2,4,3,3,4,4,3,3,3,3,3,3,4,3,1,3,3,3,3,2,1,1,2,1,1,1,1,1,1,1,1,2,5,4,4,4,4,5,3,3,3,3,4,4,4,4,4
3/16/2026 8:50:39,Female,21.0,Rural,College or higher,Yes,Yes,No,3,3,3,3,2,2,4,3,4,3,2,2,4,2,2,2,2,2,2,2,2,2,3,3,3,3,3,3,3,3,3,3,3,3,3,3,3,3,3,3,3,3,3,3,3,3,3,3,3,3,3,3,3,3,3,3,3
3/16/2026 15:16:38,Male,21.0,Rural,College or higher,Yes,Yes,Yes,4,4,4,4,4,4,3,3,3,4,4,4,4,4,4,4,3,3,4,4,4,4,4,4,4,4,4,4,4,4,4,4,4,4,4,4,4,4,4,4,4,4,5,5,5,5,5,5,5,5,5,5,5,5,5,5,5
3/17/2026 5:04:36,Male,21.0,Rural,College or higher,Yes,Yes,No,3,2,4,5,4,3,2,2,2,4,2,3,3,3,4,4,4,4,5,5,4,4,2,2,2,2,2,2,2,2,3,2,2,2,2,2,2,2,2,2,2,2,4,4,4,4,4,4,4,4,4,3,4,5,5,5,5
3/17/2026 5:43:37,Female,21.0,Rural,College or higher,Yes,Yes,Yes,3,3,3,3,3,3,3,3,3,3,3,3,3,3,3,3,3,3,3,3,3,3,2,2,2,2,3,3,3,3,3,3,3,3,3,3,3,3,3,3,3,3,4,4,4,4,4,4,4,4,4,4,4,4,4,4,4
3/17/2026 7:13:04,Male,21.0,Urban,College or higher,Yes,No,No,1,5,1,1,1,1,1,5,5,5,1,3,5,1,1,1,1,1,1,1,1,1,1,1,1,1,1,1,1,1,1,1,1,1,1,1,1,1,1,1,1,1,2,5,5,3,2,5,5,5,5,5,5,5,5,5,5
3/18/2026 12:24:42,Female,21.0,Urban,College or higher,Yes,No,No,4,3,3,4,3,3,3,1,3,2,2,4,3,3,3,3,3,3,3,2,2,3,2,2,2,2,2,2,2,3,3,4,4,3,1,2,4,2,2,2,3,3,4,4,4,3,3,3,3,4,3,3,4,4,3,4,3
3/19/2026 4:53:36,Female,21.0,Urban,College or higher,Yes,Yes,No,4,4,4,4,4,4,4,4,4,4,4,4,4,5,5,5,5,5,5,5,5,5,2,2,2,2,2,2,2,2,2,2,2,2,2,2,2,2,2,2,2,2,4,4,4,4,4,4,4,4,4,4,4,4,4,4,4
4/7/2026 6:27:46,Female,21.0,Rural,College or higher,Yes,Yes,Yes,3,3,3,3,4,3,3,2,2,4,2,3,3,3,4,4,4,4,3,2,2,3,2,2,2,2,2,2,1,1,2,2,3,2,1,1,1,1,1,1,1,1,4,3,3,3,3,3,2,2,2,2,4,4,4,4,2
4/22/2026 13:02:14,Female,21.0,Urban,High school or lower,Yes,Yes,No,5,4,5,5,4,5,4,5,5,5,4,4,5,4,5,4,5,5,4,5,4,5,4,4,5,4,5,4,5,4,5,4,5,4,5,5,5,5,4,5,5,5,5,5,5,5,4,5,4,5,5,4,5,5,4,5,5
4/22/2026 13:11:37,Female,21.0,Rural,High school or lower,Yes,Yes,Yes,5,4,5,4,5,5,5,5,5,5,4,5,4,5,4,4,4,4,4,4,5,4,5,4,5,4,5,4,5,5,5,5,5,5,5,4,5,4,4,4,4,4,5,5,4,4,4,5,4,5,4,5,4,4,5,5,5
4/22/2026 13:14:39,Female,21.0,Urban,High school or lower,No,No,No,3,3,3,3,3,3,3,4,4,4,4,3,4,3,3,4,4,4,4,4,5,5,4,5,4,4,4,4,5,5,4,5,5,4,4,4,4,4,4,5,5,5,4,4,4,4,4,5,5,4,4,5,4,5,4,4,4
4/22/2026 14:57:46,Female,21.0,Rural,College or higher,No,No,No,4,3,3,4,3,3,3,3,3,4,4,3,3,3,3,3,4,4,3,3,4,4,4,4,4,3,3,3,4,4,4,4,4,4,3,3,3,3,4,4,4,4,4,4,3,3,4,4,4,4,4,4,4,4,3,3,5
4/23/2026 23:31:12,Female,21.0,Urban,College or higher,Yes,Yes,Yes,5,5,5,5,5,5,2,1,1,1,5,5,5,5,5,5,5,5,5,5,5,5,5,5,5,5,5,5,5,5,5,5,5,5,5,5,5,5,5,5,5,5,5,5,5,5,5,5,5,5,5,5,5,5,5,5,5
4/24/2026 9:46:01,Female,21.0,Rural,High school or lower,Yes,Yes,Yes,5,4,5,4,5,4,5,4,5,4,4,5,4,5,4,5,4,5,5,4,5,4,5,4,5,5,4,5,5,4,5,4,5,4,4,4,4,5,4,5,5,5,4,5,5,4,4,4,4,4,4,4,5,5,5,4,4
4/24/2026 9:49:26,Female,21.0,Urban,High school or lower,Yes,Yes,Yes,5,4,5,4,5,4,5,4,5,4,5,5,4,5,5,5,5,4,5,4,5,4,5,5,4,5,5,4,4,5,5,4,5,5,4,4,5,5,4,4,5,4,5,5,4,5,5,4,5,4,5,5,4,5,4,5,4
4/24/2026 12:43:10,Male,21.0,Urban,College or higher,Yes,Yes,No,4,5,4,3,3,5,5,1,5,2,2,2,3,2,3,5,2,3,2,3,3,3,2,4,2,4,4,4,4,4,2,3,3,4,3,3,4,3,4,3,4,3,5,5,4,4,4,4,4,5,4,5,4,5,4,4,5
4/24/2026 12:44:33,Male,21.0,Urban,College or higher,Yes,Yes,Yes,5,4,4,5,5,4,4,4,4,5,5,5,4,4,5,4,5,4,5,5,4,5,5,4,5,4,4,4,5,5,4,5,4,4,5,4,5,4,5,4,5,4,5,4,5,5,5,4,5,4,5,4,5,5,5,4,5
4/24/2026 12:55:46,Female,21.0,Rural,College or higher,Yes,Yes,Yes,5,5,4,5,4,5,4,4,5,4,5,4,5,5,4,5,5,4,4,4,5,5,5,5,4,5,4,5,4,4,5,5,4,4,5,5,4,5,4,5,4,4,5,5,5,4,5,5,4,5,5,5,4,4,5,4,4
3/16/2026 2:48:08,Female,22.0,Rural,College or higher,Yes,Yes,No,2,2,4,4,4,4,4,2,4,4,2,4,4,4,4,4,4,4,4,2,2,2,4,4,4,4,4,3,3,4,3,2,4,4,4,4,4,4,4,4,4,4,4,5,3,4,5,5,3,3,4,4,4,4,4,4,4
3/16/2026 4:00:10,Female,22.0,Urban,College or higher,Yes,Yes,No,3,3,4,4,4,4,4,1,1,2,2,4,4,4,4,4,4,4,4,4,4,4,2,2,2,2,2,2,2,3,3,3,3,3,1,2,2,2,2,2,2,2,4,4,4,4,4,4,4,4,4,4,4,4,4,4,4
3/17/2026 7:31:23,Female,22.0,Urban,College or higher,Yes,Yes,No,3,1,3,3,3,1,3,1,3,3,3,4,3,2,3,3,3,3,3,2,2,3,3,3,3,4,3,4,4,4,4,4,4,4,4,4,3,3,3,3,3,3,5,5,5,5,5,4,4,4,4,4,5,5,5,3,3
3/17/2026 7:38:05,Female,22.0,Rural,College or higher,Yes,Yes,No,4,4,5,5,4,3,4,2,3,4,3,4,3,4,4,5,4,5,4,3,3,4,3,3,2,4,2,3,2,3,2,3,3,3,1,1,2,1,2,1,3,3,5,4,3,4,4,5,4,4,3,4,4,5,4,5,5
3/17/2026 8:48:25,Female,22.0,Rural,College or higher,Yes,No,No,4,4,4,4,4,4,4,3,3,3,3,3,4,3,4,3,3,3,3,3,3,3,3,3,3,4,4,4,4,3,3,4,4,4,3,4,3,2,2,3,3,3,4,4,4,4,4,4,4,4,4,4,4,4,4,4,4
3/17/2026 9:00:51,Male,22.0,Urban,College or higher,No,No,No,1,1,1,3,1,1,1,4,3,3,3,3,3,2,2,2,1,2,1,1,1,1,1,1,1,1,1,1,1,1,1,1,1,1,1,1,1,1,1,1,1,1,5,4,5,5,5,5,4,4,5,5,5,5,5,5,3
3/17/2026 11:33:43,Female,22.0,Urban,College or higher,Yes,Yes,Yes,3,2,4,5,5,4,3,3,3,4,1,4,4,4,4,5,5,5,5,5,3,3,5,5,5,5,4,4,4,4,5,4,4,4,4,3,3,1,2,1,2,2,5,5,4,5,5,5,5,5,5,5,5,5,5,5,5
3/25/2026 11:52:32,Male,22.0,Rural,High school or lower,Yes,Yes,No,1,5,4,1,5,4,5,4,1,5,3,3,3,3,3,3,3,3,3,3,3,3,3,3,3,3,3,3,3,3,3,3,3,3,3,3,3,3,3,3,3,3,5,4,3,5,5,5,5,5,5,5,5,5,5,5,5
3/25/2026 11:55:17,Female,22.0,Urban,College or higher,Yes,Yes,No,4,4,4,4,4,4,4,4,4,4,4,4,4,4,4,4,4,4,4,4,4,4,4,4,4,4,4,4,4,4,4,4,4,4,4,4,4,4,4,4,4,4,4,4,4,4,4,4,4,4,4,4,4,4,4,4,4
4/7/2026 6:25:36,Female,22.0,Urban,College or higher,Yes,Yes,No,3,3,4,4,4,3,3,2,4,5,4,4,3,4,4,4,4,4,4,4,4,4,4,4,4,4,4,3,4,4,4,4,4,4,4,4,4,4,4,4,4,4,5,5,5,5,5,5,5,5,5,5,5,5,5,5,5
4/7/2026 6:27:14,Male,22.0,Urban,College or higher,Yes,No,No,3,4,3,4,5,3,4,4,2,3,4,5,5,2,1,2,2,1,2,1,3,1,2,3,2,4,4,5,4,4,2,2,3,3,2,4,1,3,4,4,4,4,5,5,5,5,5,3,2,4,2,4,5,5,5,5,2
4/22/2026 11:42:53,Female,22.0,Rural,College or higher,Yes,Yes,No,3,4,4,3,3,4,4,3,3,3,4,3,4,3,3,3,3,4,4,4,4,4,3,4,4,4,4,3,3,3,3,3,3,3,4,4,3,3,3,4,4,4,4,4,4,4,4,3,4,4,3,3,4,3,3,4,4
4/22/2026 13:08:40,Female,22.0,Rural,High school or lower,Yes,No,No,4,4,4,4,4,5,5,5,4,5,4,4,3,5,5,5,5,5,4,5,4,5,5,4,5,4,5,4,5,5,5,4,3,4,4,4,4,4,5,5,5,5,5,4,4,4,4,4,4,4,5,5,5,5,5,4,5
4/22/2026 13:16:09,Male,22.0,Rural,High school or lower,No,No,No,4,4,4,4,4,4,4,4,5,5,3,3,3,3,4,4,5,5,5,5,5,5,3,4,4,4,4,5,4,4,5,4,5,5,5,4,5,4,5,5,5,4,4,5,4,4,5,4,3,5,5,4,5,5,5,5,5
4/22/2026 13:19:22,Female,22.0,Rural,High school or lower,Yes,Yes,Yes,4,5,4,5,5,5,5,5,5,5,5,4,5,4,5,5,5,4,4,5,5,4,5,5,5,5,4,4,5,4,4,5,4,3,5,4,5,4,5,4,5,5,5,5,5,4,5,4,5,5,5,4,5,4,4,4,5
4/22/2026 13:22:24,Female,22.0,Rural,High school or lower,Yes,No,No,4,5,4,5,4,4,4,4,5,4,5,4,4,4,5,5,5,4,5,4,5,5,4,4,5,5,4,4,5,5,4,5,5,5,4,4,4,5,5,4,5,5,5,5,5,5,5,4,5,5,5,5,5,5,5,3,3
4/22/2026 13:25:16,Male,22.0,Urban,High school or lower,Yes,Yes,Yes,4,4,5,5,5,4,5,5,4,5,4,5,5,5,4,5,5,4,5,5,5,4,5,4,5,5,5,5,5,5,5,5,5,4,5,5,5,4,5,4,5,4,4,4,4,4,4,5,4,4,4,5,5,5,5,3,3
4/22/2026 13:26:50,Female,22.0,Rural,High school or lower,Yes,Yes,Yes,4,4,4,5,5,4,5,4,4,4,5,4,5,5,5,4,5,4,5,4,4,4,4,4,5,4,5,4,5,4,5,4,4,5,5,5,5,5,4,5,4,5,4,5,4,4,4,5,4,4,5,5,5,5,5,3,4
4/23/2026 4:42:48,Male,22.0,Urban,High school or lower,Yes,Yes,Yes,4,5,4,5,5,5,5,4,5,5,5,4,5,5,5,5,5,4,5,5,4,5,4,4,4,5,5,5,4,5,4,5,5,5,5,4,4,4,4,4,5,5,5,4,4,4,4,5,5,5,4,4,5,5,5,5,5
4/23/2026 4:46:08,Female,22.0,Rural,High school or lower,Yes,Yes,Yes,5,5,5,5,5,5,5,5,5,5,5,4,5,5,5,5,5,5,5,5,5,5,4,5,4,5,4,5,5,4,5,5,4,5,5,4,5,5,5,5,4,5,4,5,4,4,4,5,4,5,4,5,5,5,5,4,4
4/23/2026 4:49:32,Female,22.0,Urban,College or higher,Yes,Yes,Yes,4,5,5,5,4,5,5,5,4,5,5,4,5,5,4,5,4,5,5,4,5,5,4,5,5,5,4,5,5,5,4,5,5,5,5,5,4,5,5,5,4,5,5,5,4,4,4,4,4,5,5,4,5,5,5,3,4
4/23/2026 4:53:11,Male,22.0,Rural,College or higher,Yes,Yes,Yes,4,4,4,4,4,4,4,5,4,5,5,4,5,5,5,5,5,5,4,5,5,4,5,4,5,4,5,4,5,4,5,5,5,4,5,4,5,4,5,5,5,5,5,4,4,4,4,4,4,4,4,5,5,5,5,4,4
4/23/2026 4:57:50,Male,22.0,Rural,High school or lower,Yes,Yes,Yes,5,4,5,5,4,5,4,5,4,5,5,4,5,4,5,4,5,4,5,4,5,4,5,4,5,4,5,4,5,4,5,4,5,4,5,4,4,4,5,4,5,4,5,4,5,4,5,4,5,4,5,4,5,4,5,4,5
4/23/2026 5:00:16,Female,22.0,Rural,College or higher,Yes,Yes,Yes,5,4,5,5,4,5,4,5,4,5,5,5,5,4,5,4,5,4,5,5,5,5,5,4,5,4,5,4,5,4,5,5,4,5,5,5,4,5,4,5,4,5,5,4,5,4,5,4,5,4,5,4,5,5,5,4,4
4/23/2026 5:39:09,Male,22.0,Urban,College or higher,No,Yes,No,2,3,4,4,4,5,4,4,4,4,3,4,4,4,4,3,4,3,4,4,3,4,4,4,4,4,4,4,4,4,4,4,4,4,4,4,4,5,5,5,4,5,5,5,4,4,5,3,4,4,5,5,5,4,3,4,3
4/23/2026 5:42:14,Female,22.0,Urban,College or higher,No,No,No,2,3,4,5,4,4,5,3,4,4,3,4,3,4,5,3,4,4,5,5,4,5,4,4,5,5,3,3,4,4,4,3,4,4,4,4,4,3,3,3,5,3,5,4,4,3,4,3,3,3,4,5,4,4,3,4,3
4/23/2026 5:44:51,Female,22.0,Rural,College or higher,No,No,No,3,3,4,4,4,5,3,2,4,4,2,4,3,4,5,5,4,4,5,4,3,4,4,5,4,4,4,3,3,4,4,4,4,3,4,4,3,3,3,4,4,3,5,4,4,3,3,4,3,4,5,5,5,5,4,5,4
4/23/2026 5:47:22,Male,22.0,Urban,College or higher,Yes,Yes,No,2,3,3,4,4,5,4,3,4,4,4,4,4,3,4,5,4,5,5,4,5,4,2,3,4,3,3,3,3,5,4,4,5,4,3,4,4,4,4,3,4,3,5,4,5,3,5,4,3,4,4,5,4,4,3,4,3
4/23/2026 5:51:18,Male,22.0,Urban,College or higher,Yes,Yes,No,3,4,3,5,3,4,5,3,4,3,3,4,4,4,3,4,4,3,5,5,3,5,4,5,3,3,4,5,3,4,3,3,5,4,3,4,3,5,3,3,4,4,4,4,3,3,4,4,3,5,4,4,4,4,3,4,2
4/23/2026 5:53:00,Female,22.0,Rural,College or higher,No,No,No,3,4,3,5,3,4,3,4,4,3,5,4,3,4,4,3,4,4,3,4,3,4,4,3,5,5,4,4,5,4,3,4,3,3,3,4,3,4,4,3,4,2,4,4,5,4,4,3,4,4,3,5,4,3,5,4,4
4/23/2026 10:05:51,Female,22.0,Rural,High school or lower,Yes,Yes,Yes,3,3,3,3,3,3,3,3,3,3,3,3,3,3,3,3,3,3,3,3,3,3,3,3,3,3,3,3,3,3,3,3,3,3,3,3,3,3,3,3,3,3,4,4,4,4,4,4,4,4,4,4,4,4,4,4,4
4/23/2026 23:35:21,Female,22.0,Urban,College or higher,Yes,Yes,No,5,3,5,5,5,5,3,3,3,3,2,3,3,5,5,5,5,5,5,5,5,5,5,5,5,5,5,5,5,5,5,5,5,5,5,5,5,5,5,5,5,5,5,5,5,5,5,5,5,5,5,5,5,5,5,5,5
4/24/2026 9:17:17,Male,22.0,Urban,College or higher,Yes,No,No,4,4,3,4,4,3,4,2,3,4,4,3,4,4,3,3,2,3,4,2,4,3,3,4,2,3,4,2,3,3,4,2,3,4,2,3,3,4,2,3,3,4,4,3,4,5,3,3,3,4,4,4,3,3,4,3,3
4/24/2026 9:43:37,Female,22.0,Rural,High school or lower,Yes,No,No,5,5,5,5,5,5,5,4,5,4,5,5,4,5,5,5,4,5,5,5,4,5,4,5,5,5,5,5,5,5,5,5,5,5,4,5,5,5,5,5,5,5,5,5,5,5,5,4,5,4,5,4,5,5,5,5,5
4/24/2026 9:51:26,Female,22.0,Rural,High school or lower,No,No,No,4,5,4,5,4,5,5,5,5,5,4,4,5,5,4,5,4,4,4,5,4,5,5,4,5,4,5,4,5,4,4,5,5,4,5,4,5,4,4,4,5,5,5,4,5,4,4,4,4,4,4,4,5,5,5,3,3
4/24/2026 9:53:39,Male,22.0,Urban,High school or lower,Yes,No,No,4,4,4,4,4,4,4,4,4,4,5,5,5,4,4,4,5,5,5,5,4,5,5,4,5,4,5,5,5,4,5,4,5,4,5,4,4,4,4,4,4,4,5,5,5,5,4,4,4,5,5,4,5,5,5,4,4
4/24/2026 12:07:11,Male,22.0,Urban,College or higher,Yes,Yes,Yes,4,5,4,4,5,4,5,5,5,4,4,4,5,4,5,5,5,5,4,4,4,5,5,4,5,5,5,4,5,4,5,4,5,5,4,4,4,4,5,5,4,4,4,5,5,5,5,4,5,4,5,4,5,5,5,4,4
3/13/2026 3:42:26,Male,23.0,Urban,College or higher,Yes,No,No,3,3,3,4,3,3,2,3,4,3,3,3,3,3,3,3,3,3,3,3,3,3,3,3,3,3,3,3,3,3,3,3,3,3,3,3,3,3,3,3,3,3,4,4,4,4,4,4,4,4,4,4,4,4,4,4,4
3/15/2026 10:05:41,Female,23.0,Urban,College or higher,Yes,No,No,3,2,4,4,3,2,4,2,2,4,3,3,3,3,3,3,3,3,3,3,3,3,3,3,3,3,3,3,3,3,3,3,3,3,3,3,3,3,3,3,3,3,4,4,4,4,4,4,4,4,4,4,4,4,4,4,4
3/16/2026 2:41:10,Female,23.0,Urban,High school or lower,Yes,Yes,No,1,3,3,3,3,3,3,4,4,4,3,4,4,3,3,3,3,3,3,3,3,3,2,1,1,2,2,2,2,2,2,2,2,2,1,2,3,2,2,2,2,2,4,3,3,4,5,4,5,5,4,4,4,5,5,5,3
3/16/2026 2:45:24,Female,23.0,Rural,College or higher,Yes,No,No,3,3,3,3,3,3,4,2,4,3,3,3,3,3,3,3,3,2,4,2,4,3,3,2,3,2,3,4,2,3,3,3,2,4,3,4,2,2,3,3,3,3,4,4,3,5,4,4,4,3,4,3,5,4,4,5,3
3/16/2026 2:47:26,Male,23.0,Urban,College or higher,No,No,No,3,4,4,3,3,4,4,3,3,4,4,3,4,4,4,4,3,4,4,4,4,3,4,4,4,4,4,4,3,4,3,4,3,4,3,4,3,4,4,3,4,4,4,4,4,5,5,4,5,5,5,5,5,5,5,4,4
3/16/2026 3:01:05,Female,23.0,Rural,College or higher,Yes,Yes,No,3,4,3,4,3,4,3,2,3,3,4,4,3,4,4,4,3,3,4,4,4,4,4,3,4,4,3,3,3,3,3,3,3,4,3,3,3,4,4,4,4,3,4,4,5,4,4,4,4,3,4,4,4,5,4,5,5
3/16/2026 3:02:16,Female,23.0,Urban,College or higher,Yes,Yes,Yes,3,4,4,5,5,5,4,5,1,3,4,4,4,4,5,5,4,5,5,5,5,5,4,5,4,5,5,5,4,5,4,4,5,5,5,4,4,3,5,5,4,4,5,5,5,4,4,4,4,5,5,5,4,5,5,5,4
3/16/2026 3:52:07,Female,23.0,Urban,College or higher,Yes,Yes,No,3,3,4,5,4,4,3,2,4,4,2,3,3,4,4,3,4,4,4,3,3,3,4,4,4,4,4,4,5,5,5,5,5,5,4,4,4,4,5,5,5,4,5,5,4,5,5,5,4,5,5,5,5,5,5,5,4
3/16/2026 23:57:22,Male,23.0,Urban,College or higher,No,No,No,4,4,3,4,4,4,3,3,3,4,4,3,4,3,4,3,4,3,3,3,3,3,4,4,5,3,4,4,5,5,4,4,4,4,4,4,3,3,3,4,4,4,4,4,4,5,5,4,5,5,5,5,4,5,5,4,3
3/17/2026 0:46:31,Male,23.0,Urban,College or higher,Yes,No,No,1,4,4,4,3,2,1,4,4,4,3,3,3,3,3,3,3,3,3,3,3,3,1,1,1,1,1,1,1,1,1,1,1,1,1,1,1,1,1,1,1,1,5,5,4,5,5,4,2,3,3,4,5,5,5,4,3
3/17/2026 5:15:18,Female,23.0,Urban,College or higher,Yes,Yes,No,4,3,4,4,4,4,4,4,2,4,3,3,4,3,3,4,4,4,4,4,4,4,4,4,4,3,3,3,4,4,3,3,3,4,3,3,3,3,3,3,3,3,4,4,4,4,4,4,2,4,4,3,3,3,4,4,4
3/17/2026 5:21:22,Male,23.0,Urban,College or higher,Yes,No,No,2,3,3,3,3,3,4,3,5,1,4,5,4,3,3,3,3,3,3,2,2,4,2,2,3,1,1,1,1,1,1,1,5,3,2,3,3,1,1,1,1,3,5,5,5,5,5,5,3,4,4,5,5,5,5,5,2
3/17/2026 6:24:32,Male,23.0,Urban,College or higher,No,No,No,4,3,4,2,3,2,3,4,3,4,4,3,4,3,3,4,4,3,3,3,4,3,4,3,4,4,3,3,3,3,3,3,2,4,4,5,5,4,3,4,3,4,4,5,3,4,5,3,4,4,5,4,4,3,3,5,5
3/17/2026 7:03:57,Female,23.0,Urban,College or higher,Yes,Yes,No,3,1,4,3,4,3,3,2,2,4,3,4,4,3,3,3,3,3,3,2,2,3,2,2,2,2,2,2,2,2,2,2,2,2,2,2,2,2,2,2,2,2,5,5,4,5,5,5,2,2,4,5,5,5,5,5,5
3/17/2026 7:07:05,Female,23.0,Rural,High school or lower,Yes,No,No,4,3,4,4,5,4,4,1,3,3,4,4,3,4,4,4,4,4,4,4,4,4,4,4,4,4,3,3,5,5,5,5,5,5,4,3,4,4,4,4,4,4,5,5,4,5,5,5,3,4,4,5,5,5,5,5,5
3/17/2026 7:21:45,Female,23.0,Urban,College or higher,Yes,Yes,No,5,5,5,5,5,5,5,3,3,3,2,3,3,4,4,4,4,4,2,4,4,4,4,4,4,4,4,4,4,4,4,4,4,4,4,4,4,4,4,4,4,4,4,4,4,4,4,4,4,4,4,4,4,4,4,4,4
3/17/2026 7:30:48,Female,23.0,Rural,College or higher,Yes,Yes,No,4,4,4,4,4,4,4,4,4,4,4,4,4,4,4,4,4,4,4,4,4,4,4,4,4,4,4,4,4,4,4,4,4,4,4,4,4,4,4,4,4,4,4,4,4,4,4,4,4,4,4,4,4,4,4,4,4
3/17/2026 7:31:13,Female,23.0,Urban,College or higher,No,No,No,1,1,1,3,3,3,3,3,2,2,3,3,3,3,3,3,3,3,3,3,3,3,3,3,3,3,3,3,3,3,3,3,3,3,3,3,3,3,3,3,3,3,3,2,2,4,4,4,4,4,4,4,4,4,4,4,4
3/17/2026 9:23:10,Female,23.0,Urban,College or higher,Yes,Yes,Yes,3,3,4,5,4,5,2,3,4,4,2,4,3,4,4,4,3,4,3,4,3,4,3,2,3,2,3,2,3,2,3,2,3,2,3,2,3,2,3,2,3,2,5,5,5,5,5,5,5,5,5,5,5,5,5,5,5
3/17/2026 9:39:01,Female,23.0,Rural,College or higher,Yes,No,No,3,3,3,4,3,4,4,3,3,3,3,4,4,3,3,3,3,3,3,3,3,3,2,3,4,3,2,2,2,2,2,2,3,3,2,2,2,3,3,2,2,2,4,4,4,4,4,4,4,4,4,4,5,5,5,3,4
3/17/2026 12:04:20,Female,23.0,Rural,College or higher,Yes,No,No,2,2,3,4,3,3,3,3,2,3,2,3,3,3,3,3,3,3,3,3,3,3,2,2,2,2,2,2,2,2,2,2,2,2,1,2,2,2,2,2,1,2,5,5,5,5,5,5,3,3,5,5,5,5,5,5,5
3/17/2026 22:38:07,Male,23.0,Urban,College or higher,Yes,Yes,Yes,2,3,3,4,2,2,4,2,4,4,3,4,4,4,4,4,4,4,4,3,3,3,3,2,1,1,1,1,2,2,1,2,1,3,1,1,1,1,1,1,1,4,5,4,4,5,5,5,3,5,3,4,3,5,5,5,2
3/18/2026 23:11:13,Male,23.0,Rural,College or higher,Yes,No,No,3,4,4,4,4,4,4,4,4,4,4,3,4,3,3,4,4,3,3,4,3,3,4,4,3,3,3,3,4,4,3,4,3,3,4,3,3,3,3,4,3,3,3,3,3,3,3,3,3,3,3,3,3,3,3,3,3
3/21/2026 9:17:15,Male,23.0,Urban,College or higher,Yes,Yes,No,4,4,4,3,2,4,4,3,4,4,3,4,4,2,3,3,4,4,4,4,4,4,3,2,3,3,3,3,4,3,2,3,4,4,4,3,3,3,4,2,3,4,4,5,3,4,5,4,3,5,3,4,4,3,4,4,4
3/25/2026 10:51:59,Female,23.0,Rural,College or higher,Yes,Yes,No,3,3,1,1,1,1,1,3,3,1,3,1,1,1,1,1,1,1,1,1,1,1,2,2,2,2,2,2,2,2,2,2,2,2,2,2,2,2,2,2,2,2,3,3,3,3,3,3,3,3,3,3,3,3,3,3,3
3/25/2026 11:10:14,Male,23.0,Urban,College or higher,Yes,No,No,3,1,3,4,5,5,3,3,4,1,3,4,4,3,3,4,2,2,2,2,1,3,3,3,2,2,3,3,2,2,3,3,4,4,3,4,4,3,4,4,3,3,4,3,5,3,4,4,3,4,3,3,4,3,3,4,3
3/30/2026 5:35:32,Female,23.0,Rural,College or higher,Yes,Yes,Yes,3,3,3,3,3,3,3,3,3,3,3,3,3,3,3,3,3,3,3,3,3,3,3,3,3,3,3,3,3,3,3,3,3,3,3,3,3,3,3,3,3,3,4,4,4,4,4,4,4,4,4,4,4,4,4,4,4
4/2/2026 1:32:54,Female,23.0,Rural,College or higher,Yes,No,No,4,4,4,5,4,4,4,4,4,4,2,4,3,4,4,4,4,4,4,4,3,3,3,4,4,4,4,4,4,4,4,4,4,4,4,4,4,4,4,4,4,4,5,5,5,5,5,5,5,5,5,5,5,5,5,5,5
4/2/2026 3:51:30,Male,23.0,Urban,College or higher,Yes,No,No,5,2,4,4,4,3,3,2,4,4,2,4,3,3,4,4,3,4,3,2,3,3,4,4,4,3,2,2,3,2,3,3,3,2,2,3,3,3,3,3,3,3,4,3,3,4,4,4,3,3,4,4,5,5,5,3,3
4/6/2026 13:03:12,Male,23.0,Rural,College or higher,No,Yes,No,4,4,3,4,3,4,4,3,4,4,4,3,3,4,4,4,3,4,3,4,4,3,3,3,3,4,4,4,4,4,3,4,4,4,4,4,4,3,4,4,4,4,5,4,4,4,5,5,5,5,4,4,4,4,4,5,5
4/6/2026 21:05:57,Female,23.0,Urban,College or higher,Yes,Yes,Yes,1,3,2,3,4,4,3,4,3,2,2,4,4,2,3,2,4,2,4,2,4,3,3,4,4,3,3,4,5,3,5,4,3,4,4,3,3,5,4,3,4,4,5,4,5,5,5,4,5,5,5,3,5,5,5,5,5
4/6/2026 21:07:55,Male,23.0,Rural,College or higher,No,No,No,1,1,1,2,1,1,1,5,2,4,4,3,4,4,4,4,2,4,3,4,4,3,2,3,3,2,3,2,4,2,4,3,3,4,2,4,3,4,3,4,3,4,5,4,4,4,5,4,4,5,4,4,5,4,4,3,4
4/22/2026 12:52:45,Female,23.0,Rural,College or higher,Yes,Yes,Yes,5,4,5,5,4,5,5,5,5,4,4,3,5,4,5,4,5,4,5,4,5,3,5,4,3,5,4,3,5,4,5,5,5,4,5,4,5,4,5,4,5,4,5,5,4,5,5,5,4,5,5,4,5,5,4,5,4
4/22/2026 12:54:28,Female,23.0,Urban,College or higher,Yes,Yes,Yes,4,5,4,5,4,5,4,5,4,5,5,4,4,5,5,4,5,4,5,5,4,5,5,5,4,5,4,5,4,5,4,5,5,4,5,4,5,4,5,4,5,4,5,5,4,5,5,5,4,5,4,5,4,3,5,4,5
4/22/2026 13:28:47,Male,23.0,Rural,College or higher,Yes,Yes,Yes,4,4,4,4,5,4,5,4,5,4,3,4,3,4,3,4,4,4,4,4,4,4,5,4,5,4,4,4,4,4,4,4,4,4,4,4,4,4,4,5,4,4,5,5,5,5,4,5,5,4,5,4,5,5,5,5,5
4/23/2026 0:57:20,Male,23.0,Urban,College or higher,Yes,No,No,4,1,3,3,4,2,2,3,5,3,3,5,3,3,2,2,2,3,3,3,3,3,3,4,3,5,2,5,3,4,4,5,2,3,2,2,4,4,3,3,3,4,4,4,2,3,3,3,3,4,4,4,4,5,5,3,4
4/23/2026 1:22:03,Male,23.0,Urban,College or higher,Yes,No,No,3,1,4,5,4,4,4,2,3,4,3,4,3,3,3,3,3,2,2,2,2,2,3,4,4,4,4,4,2,4,4,4,2,4,4,4,2,3,4,4,3,4,4,5,3,4,4,4,5,5,3,5,5,5,5,5,3
4/23/2026 4:44:05,Male,23.0,Urban,High school or lower,No,No,No,4,5,4,5,4,5,4,5,4,5,5,5,4,5,4,5,5,4,5,4,5,5,5,4,5,5,5,4,5,5,4,5,5,5,4,5,5,5,5,4,5,5,5,4,4,5,5,5,4,5,5,5,5,5,5,5,5
4/23/2026 4:48:19,Male,23.0,Rural,High school or lower,No,No,No,3,4,5,4,5,4,5,4,5,4,5,4,5,4,5,4,4,4,4,4,5,4,5,4,5,4,5,5,5,4,5,4,5,4,5,4,5,5,5,5,5,4,5,5,5,5,5,5,5,5,5,5,5,5,5,5,5
4/23/2026 4:56:44,Female,23.0,Rural,College or higher,Yes,Yes,Yes,5,4,5,4,5,4,5,4,5,4,5,5,5,4,5,5,4,5,4,5,4,5,5,5,4,5,5,4,5,4,5,5,5,5,4,5,4,5,5,5,5,5,5,5,5,5,5,4,4,4,4,5,5,5,5,4,4
4/23/2026 5:49:15,Male,23.0,Urban,College or higher,Yes,Yes,No,2,3,3,4,4,5,4,3,4,5,3,3,4,4,5,4,4,5,4,4,3,4,3,4,4,4,4,4,4,4,4,4,4,4,4,4,4,4,4,4,4,3,5,4,5,4,5,4,4,3,4,4,3,5,5,4,4
4/23/2026 5:54:25,Male,23.0,Rural,College or higher,No,No,No,4,3,4,4,3,5,3,4,4,3,3,4,3,5,4,3,4,4,4,5,4,3,4,3,4,4,3,4,4,4,4,3,4,4,4,4,4,4,5,4,5,4,5,4,5,4,4,5,4,4,3,4,3,3,3,3,2
4/23/2026 6:43:36,Female,23.0,Urban,College or higher,Yes,Yes,Yes,3,4,3,2,3,3,3,2,2,3,4,3,3,4,4,4,4,4,4,4,4,4,3,4,4,3,3,3,4,3,3,3,4,3,3,3,3,3,3,3,3,3,4,4,5,4,4,4,5,4,5,4,5,4,4,4,4
4/23/2026 10:03:17,Male,23.0,Rural,High school or lower,Yes,Yes,Yes,4,4,4,4,4,4,4,4,4,4,4,4,4,4,4,4,4,4,4,4,4,4,3,3,3,3,3,3,3,3,3,3,3,3,3,3,3,3,3,3,3,3,4,4,4,4,4,4,4,4,4,4,4,4,4,4,4
4/23/2026 23:27:49,Male,23.0,Rural,College or higher,Yes,Yes,No,5,5,5,5,5,5,5,3,3,3,5,5,5,5,5,5,5,5,5,5,5,5,4,4,4,5,4,4,4,4,4,4,4,4,4,4,4,4,4,4,4,4,5,5,5,5,5,5,5,5,5,5,5,5,5,5,5
4/23/2026 23:39:44,Male,23.0,Urban,College or higher,Yes,Yes,Yes,5,2,5,5,5,5,5,2,2,5,2,2,2,5,5,5,5,5,5,5,5,5,5,5,5,5,5,5,5,5,5,5,5,5,5,5,5,5,5,5,5,5,5,5,5,5,5,5,5,5,5,5,5,5,5,5,5
4/24/2026 9:56:20,Female,23.0,Rural,College or higher,Yes,Yes,Yes,4,4,5,4,5,4,5,4,5,4,5,4,5,5,5,5,4,5,4,5,5,4,5,4,4,5,4,5,5,5,4,5,4,5,4,5,4,5,4,5,4,4,5,5,5,4,5,4,4,5,5,5,5,5,5,4,4
4/24/2026 12:27:06,Female,23.0,Urban,High school or lower,No,No,No,5,4,3,2,3,5,4,4,4,3,3,4,4,5,3,3,2,2,4,3,4,3,4,3,3,4,3,4,3,4,3,4,3,3,4,3,3,3,3,4,3,4,5,4,5,4,5,4,4,5,5,4,5,4,4,5,4
4/24/2026 12:27:58,Female,23.0,Rural,College or higher,Yes,Yes,Yes,5,5,4,5,4,5,4,4,4,5,5,4,5,5,5,5,4,4,5,5,4,5,5,4,5,4,4,5,4,5,4,5,5,4,5,4,5,5,4,4,5,4,5,5,5,5,4,4,4,5,4,5,4,5,4,5,4
4/24/2026 12:37:04,Female,23.0,Urban,College or higher,Yes,Yes,Yes,5,5,5,5,5,5,5,4,5,4,5,4,5,5,4,5,5,4,5,4,4,5,5,5,4,5,4,5,4,5,5,5,4,5,4,4,5,5,4,4,4,4,5,5,4,5,4,5,4,5,5,5,5,4,5,4,5
4/24/2026 12:40:34,Male,23.0,Urban,College or higher,Yes,Yes,Yes,5,4,5,5,5,4,4,5,5,4,5,5,5,4,5,5,4,4,4,5,4,4,5,5,5,5,4,4,5,4,5,4,4,4,5,5,5,4,5,4,4,4,5,5,5,5,5,4,4,5,4,5,4,4,5,4,5
4/24/2026 12:45:59,Female,23.0,Rural,College or higher,Yes,Yes,Yes,5,4,5,5,5,4,5,4,5,4,5,4,4,5,4,4,5,5,5,4,4,5,5,4,4,4,5,5,4,5,4,4,4,5,4,5,4,5,5,5,4,4,5,5,5,5,5,4,4,4,5,4,5,4,5,4,5
4/24/2026 12:46:16,Female,23.0,Urban,College or higher,Yes,Yes,Yes,5,4,5,4,5,4,5,5,4,5,5,4,5,4,5,4,5,4,5,4,5,5,5,4,5,4,5,4,5,4,5,5,4,4,5,5,4,4,4,5,5,5,5,5,5,4,4,4,4,5,5,5,4,4,4,5,5
4/24/2026 12:54:35,Male,23.0,Urban,High school or lower,Yes,No,No,5,4,5,4,5,5,4,5,5,4,5,5,5,5,4,5,4,5,5,4,5,5,4,3,4,4,3,4,3,4,3,4,4,4,3,3,4,4,4,3,4,3,5,4,4,5,5,4,4,4,4,5,5,5,5,5,4
4/24/2026 12:57:18,Female,23.0,Rural,College or higher,Yes,Yes,Yes,5,5,4,5,4,4,4,5,4,4,5,4,4,5,5,4,5,4,4,5,4,5,5,4,5,5,5,4,5,5,4,4,4,4,5,4,5,5,5,5,4,4,5,5,5,4,4,5,5,4,4,4,5,4,4,4,5
4/24/2026 12:59:04,Female,23.0,Urban,College or higher,Yes,Yes,Yes,5,4,5,4,4,5,4,4,4,5,5,5,4,5,4,4,5,4,5,5,4,5,5,4,5,5,5,4,5,5,4,4,5,4,5,5,4,4,4,4,5,4,5,5,4,5,4,4,5,4,4,5,5,5,5,4,5
3/16/2026 2:11:31,Female,24.0,Urban,College or higher,Yes,No,No,3,1,4,5,5,3,3,2,1,3,3,3,3,3,3,3,3,3,3,3,3,3,2,2,3,3,3,3,3,3,2,2,3,3,2,3,2,2,2,2,2,2,4,4,3,4,4,4,4,5,3,3,4,4,4,2,2
3/16/2026 2:16:02,Female,24.0,Urban,College or higher,Yes,No,No,3,3,3,4,3,4,3,3,4,4,3,3,3,3,4,4,3,3,3,3,3,3,3,3,4,2,2,2,3,3,3,3,3,3,1,2,2,2,2,2,2,2,3,3,4,4,5,5,3,3,4,4,4,5,5,5,5
3/16/2026 2:41:11,Male,24.0,Rural,College or higher,Yes,Yes,No,4,4,3,4,4,4,4,4,4,4,4,5,4,5,4,5,4,4,5,4,4,4,4,5,4,4,4,5,4,3,5,4,5,4,5,4,4,4,4,5,5,4,4,4,4,5,5,5,5,5,5,4,4,4,4,5,5
3/16/2026 2:41:58,Male,24.0,Rural,College or higher,Yes,No,No,3,3,3,3,3,3,3,3,3,3,3,3,3,3,3,3,3,3,3,3,3,3,3,3,3,3,3,3,3,3,3,3,3,3,3,3,3,3,3,3,3,3,3,3,3,3,3,3,3,3,3,3,3,3,3,3,3
3/16/2026 2:44:46,Female,24.0,Rural,College or higher,Yes,No,No,4,3,3,3,4,4,4,3,3,4,3,4,4,3,4,4,4,4,4,3,4,3,4,4,4,4,3,3,4,4,4,4,4,4,4,4,4,4,4,4,4,4,4,5,4,5,5,4,4,4,4,4,5,5,5,5,5
3/16/2026 2:46:04,Male,24.0,Rural,College or higher,No,No,No,4,4,4,4,4,4,4,4,4,4,4,4,4,4,4,4,4,4,4,4,4,4,3,3,4,4,4,3,4,4,4,4,3,4,4,3,4,3,4,3,4,3,4,4,4,4,4,4,4,4,4,4,4,4,4,4,4
3/16/2026 2:46:06,Female,24.0,Rural,College or higher,Yes,Yes,Yes,3,3,3,3,3,3,3,3,3,3,3,3,3,3,3,3,3,3,3,3,3,3,3,3,3,3,3,3,3,3,3,3,3,3,3,3,3,3,3,3,3,3,4,4,4,4,4,4,4,4,4,4,4,4,4,4,4
3/16/2026 2:46:59,Female,24.0,Rural,College or higher,Yes,No,No,4,1,5,5,4,5,5,4,2,5,3,4,4,3,3,4,3,3,3,3,3,3,4,4,5,4,4,4,4,4,4,4,4,4,5,4,4,3,3,3,4,4,5,5,4,5,5,5,5,5,5,5,5,5,5,5,2
3/16/2026 2:47:42,Female,24.0,Rural,College or higher,Yes,No,No,4,3,4,3,3,3,2,2,3,4,3,4,4,3,3,3,3,3,3,2,3,3,3,3,4,3,3,3,4,4,4,3,4,3,2,2,2,2,3,3,3,3,4,4,4,4,3,3,3,3,4,3,4,4,4,4,3
3/16/2026 2:48:09,Female,24.0,Urban,College or higher,Yes,Yes,No,3,4,4,5,4,4,4,3,2,3,2,3,2,3,4,4,4,4,4,4,5,5,2,3,5,5,4,5,5,5,5,4,4,4,4,4,4,4,4,5,5,5,5,4,4,4,4,5,5,4,4,5,4,5,5,5,5
3/16/2026 2:54:40,Female,24.0,Urban,College or higher,Yes,No,No,4,3,4,5,4,4,3,2,3,2,2,2,3,4,4,3,5,4,4,3,4,4,4,4,3,4,4,4,4,4,5,3,5,3,3,4,4,4,4,4,3,4,5,5,5,5,5,5,4,4,4,5,5,5,5,5,5
3/16/2026 3:48:06,Male,24.0,Urban,College or higher,Yes,No,No,4,4,4,5,5,4,5,4,5,5,3,4,3,3,3,3,4,3,4,3,3,3,3,3,3,3,4,3,5,3,4,4,5,5,4,4,4,4,4,5,4,5,4,5,4,4,4,5,5,4,4,4,4,5,4,5,4
3/16/2026 3:57:06,Male,24.0,Urban,College or higher,Yes,Yes,No,5,2,5,5,5,5,4,3,2,3,2,3,3,3,4,4,4,3,3,3,3,4,3,4,4,4,3,3,4,3,3,3,3,4,3,3,3,3,3,3,3,4,5,5,5,5,5,5,4,4,4,5,5,5,5,5,3
3/16/2026 3:58:26,Male,24.0,Rural,College or higher,No,No,No,3,3,3,3,3,3,3,3,3,3,3,3,3,3,3,3,3,3,3,3,3,3,3,3,3,3,3,3,3,3,3,3,3,3,3,3,3,3,3,3,3,3,5,4,4,4,4,3,4,4,3,2,3,4,4,3,3
3/16/2026 4:29:39,Female,24.0,Rural,College or higher,Yes,No,No,2,1,4,3,3,3,4,3,4,4,4,5,3,4,4,4,4,4,4,3,3,4,4,4,5,3,4,4,5,5,5,5,5,5,4,3,4,5,5,5,5,5,5,5,4,5,5,5,3,4,5,5,5,5,5,5,5
3/16/2026 7:25:19,Female,24.0,Rural,College or higher,Yes,Yes,No,2,3,3,2,4,3,2,3,4,4,3,4,4,3,3,4,3,3,3,2,2,3,1,2,2,1,1,1,1,1,1,1,1,1,1,1,1,1,1,1,1,1,4,5,4,3,4,4,3,4,4,4,5,5,5,5,4
3/16/2026 7:29:25,Male,24.0,Rural,College or higher,Yes,Yes,No,3,2,2,4,2,4,2,3,5,4,2,4,3,3,2,4,2,4,2,4,2,2,4,4,4,2,2,2,4,4,4,4,3,3,3,3,2,2,2,2,4,4,5,4,4,4,4,3,4,4,3,4,4,4,4,4,4
3/16/2026 8:05:41,Male,24.0,Urban,College or higher,Yes,Yes,Yes,4,4,4,4,4,4,4,3,3,4,4,3,3,3,4,4,4,4,4,4,4,4,4,4,3,4,3,3,3,4,3,4,4,3,3,3,3,3,4,4,4,4,4,4,4,3,3,3,4,4,4,3,3,3,3,4,4
3/16/2026 8:08:54,Female,24.0,Urban,College or higher,Yes,Yes,No,5,1,5,5,5,5,5,1,1,2,5,2,2,2,2,2,2,3,3,3,3,3,4,4,4,4,4,3,4,4,4,4,4,4,4,4,4,4,4,4,4,4,4,4,4,4,4,4,4,4,4,4,4,4,4,4,4
3/16/2026 8:52:28,Male,24.0,Urban,College or higher,Yes,Yes,No,5,5,5,5,5,5,5,5,5,5,4,4,4,4,4,4,4,4,4,4,4,4,4,4,4,4,4,4,4,4,4,4,4,4,4,4,4,4,4,4,4,4,5,5,5,5,5,5,5,5,5,5,5,5,5,5,5
3/16/2026 9:29:02,Female,24.0,Rural,College or higher,Yes,Yes,No,4,3,4,4,4,3,2,3,4,4,2,4,4,3,4,4,4,3,3,2,2,3,2,3,4,2,2,2,2,2,2,2,3,2,2,3,2,2,2,2,2,2,4,4,4,4,4,4,4,4,4,4,4,5,5,5,5
3/17/2026 3:32:46,Female,24.0,Rural,College or higher,Yes,Yes,No,5,1,4,3,4,4,3,2,3,3,2,4,3,3,3,4,4,4,4,3,3,3,5,5,5,5,5,5,5,5,5,5,5,5,5,5,5,5,5,5,5,4,5,5,5,5,5,5,3,3,5,4,5,5,5,5,5
3/17/2026 6:25:03,Male,24.0,Urban,College or higher,Yes,Yes,No,3,3,3,3,3,3,3,3,3,3,3,3,3,3,3,3,3,3,3,3,3,3,3,3,3,3,3,3,3,3,3,3,3,3,3,3,3,3,3,3,3,3,4,4,4,4,4,4,4,4,4,4,4,4,4,4,4
3/17/2026 6:35:21,Male,24.0,Urban,College or higher,Yes,No,No,3,2,4,4,4,3,3,3,3,4,2,3,4,3,4,4,3,3,3,3,3,3,2,1,1,2,1,1,1,2,1,1,2,2,1,1,3,1,1,1,1,2,4,5,3,4,5,4,4,4,4,4,3,4,4,3,3
3/17/2026 6:58:51,Female,24.0,Rural,College or higher,Yes,Yes,Yes,4,1,4,4,3,3,4,1,4,4,3,4,4,2,2,4,4,3,3,2,2,2,2,2,2,2,2,2,2,3,2,3,4,4,4,3,1,1,1,1,2,2,4,4,4,4,4,4,3,4,4,4,4,4,3,4,4
3/17/2026 7:06:26,Male,24.0,Urban,College or higher,Yes,Yes,Yes,2,2,4,4,4,3,4,2,4,3,3,4,4,3,4,4,3,3,4,3,3,3,4,4,4,4,4,3,3,3,4,4,4,3,3,4,4,2,2,2,4,4,5,4,5,5,5,5,4,4,5,4,5,5,5,5,4
3/17/2026 7:07:39,Female,24.0,Rural,College or higher,Yes,Yes,No,3,4,4,4,4,3,4,2,4,3,3,3,3,4,4,4,4,4,4,3,4,3,3,3,3,3,2,3,3,3,3,3,3,3,3,3,3,3,3,3,3,3,4,4,4,4,4,4,4,4,4,4,4,4,4,4,4
3/17/2026 7:36:11,Female,24.0,Urban,College or higher,Yes,Yes,No,5,2,4,4,4,3,4,2,2,4,3,3,3,3,3,3,2,2,2,2,2,3,2,3,2,2,2,2,3,3,3,3,3,3,2,3,3,2,2,2,2,3,5,5,5,5,5,5,5,5,5,4,4,5,5,4,3
3/17/2026 7:44:19,Female,24.0,Urban,College or higher,Yes,Yes,Yes,4,4,3,4,4,4,5,3,4,4,4,5,4,3,4,4,4,5,5,4,5,4,4,3,4,3,4,5,5,4,3,4,4,3,4,4,5,3,5,3,4,5,4,4,3,3,4,4,4,3,5,5,5,5,4,4,4
3/17/2026 8:28:41,Male,24.0,Rural,College or higher,Yes,Yes,No,4,4,4,4,4,4,4,3,2,3,3,3,4,4,3,4,4,4,3,3,3,4,4,4,3,4,4,3,4,4,4,5,5,5,5,5,5,5,4,5,4,5,5,5,5,5,5,5,5,4,4,4,4,5,4,4,4
3/17/2026 8:57:38,Female,24.0,Urban,College or higher,Yes,No,No,3,3,3,5,4,4,5,3,4,4,3,3,5,2,3,1,2,3,2,2,2,2,3,3,4,2,1,1,1,1,3,2,4,2,3,2,3,3,3,2,3,3,4,4,4,4,4,4,4,4,4,4,4,4,4,4,4
3/17/2026 9:01:37,Female,24.0,Urban,College or higher,Yes,No,No,2,2,4,3,4,4,4,2,2,3,3,4,4,3,3,3,3,3,3,2,3,3,3,2,3,2,2,4,3,4,4,3,3,2,2,2,3,3,3,2,2,2,3,3,4,4,4,4,3,3,3,4,4,5,4,4,4
3/17/2026 9:15:07,Female,24.0,Urban,College or higher,Yes,Yes,No,3,3,3,3,3,3,3,3,3,3,3,4,4,3,3,3,3,3,3,3,3,3,3,3,3,3,3,3,3,3,3,3,3,3,3,3,3,3,3,3,3,3,4,4,4,4,5,5,4,5,4,4,4,5,5,3,4
3/17/2026 9:34:06,Male,24.0,Rural,College or higher,Yes,Yes,No,4,4,4,4,4,3,4,3,4,4,4,4,4,4,4,4,4,4,4,4,4,3,4,4,2,4,4,3,3,4,4,4,4,3,3,3,4,2,2,2,2,4,4,4,4,4,4,4,4,4,4,4,4,4,4,4,4
3/17/2026 9:35:41,Female,24.0,Rural,College or higher,Yes,Yes,No,4,2,4,5,4,4,4,2,3,4,3,4,3,3,4,4,3,4,3,3,3,3,2,3,2,3,4,4,4,4,4,4,3,3,3,4,2,4,4,4,3,4,4,5,5,5,5,5,5,5,5,5,5,5,5,4,5
3/17/2026 11:24:33,Male,24.0,Urban,College or higher,Yes,Yes,No,4,4,4,4,4,4,4,4,4,4,4,4,4,4,4,4,4,4,4,4,4,4,4,4,4,4,4,4,4,4,4,4,4,4,4,4,4,4,4,4,4,4,4,4,4,4,4,4,4,4,4,4,4,4,4,4,4
3/17/2026 21:00:49,Female,24.0,Rural,College or higher,No,No,No,4,4,4,4,4,4,4,4,4,4,4,4,4,4,4,4,4,4,4,4,4,4,4,4,4,4,4,4,4,4,4,4,4,4,4,4,4,4,4,4,4,4,5,5,5,5,5,5,5,5,5,5,5,5,5,5,5
3/17/2026 22:34:24,Female,24.0,Urban,College or higher,Yes,No,No,5,1,5,5,5,5,5,3,4,1,3,5,5,3,2,3,3,3,3,1,3,3,4,4,4,5,5,5,4,4,4,4,4,4,3,4,2,2,2,3,4,4,5,5,5,5,5,5,4,4,4,5,5,5,5,5,4
3/18/2026 0:02:21,Female,24.0,Rural,College or higher,Yes,Yes,No,4,3,4,3,4,3,4,4,3,4,3,4,2,3,3,3,2,3,3,3,4,4,2,2,3,3,3,2,3,3,2,2,3,3,3,3,3,3,3,2,3,3,4,3,4,4,4,3,4,4,4,3,3,3,3,4,4
3/18/2026 0:03:17,Male,24.0,Urban,College or higher,Yes,Yes,Yes,5,5,5,5,5,5,5,5,5,5,5,5,5,5,5,5,5,5,5,5,5,5,4,4,4,4,4,4,4,4,4,4,4,4,4,4,4,4,4,4,4,4,5,5,5,5,5,5,5,5,5,5,5,5,5,5,5
3/18/2026 5:45:25,Female,24.0,Urban,College or higher,Yes,Yes,No,3,2,5,4,5,5,5,1,1,3,2,4,3,3,3,3,3,4,3,3,4,4,5,5,3,5,5,5,5,4,4,4,5,4,5,4,4,4,4,4,4,3,5,5,5,5,5,5,5,5,5,5,5,5,5,5,5
3/18/2026 12:50:55,Female,24.0,Urban,College or higher,Yes,Yes,No,3,3,4,4,4,3,4,3,4,4,2,4,4,3,3,4,4,4,4,3,3,3,3,3,3,2,2,2,2,3,3,3,3,3,3,3,3,3,3,3,3,3,4,4,4,4,4,4,4,4,4,4,4,5,5,5,5
3/21/2026 23:39:43,Male,24.0,Rural,College or higher,Yes,No,No,4,4,4,4,4,4,4,4,4,4,4,4,4,4,4,4,4,4,4,4,4,4,4,4,4,5,3,5,3,5,4,3,5,4,4,4,4,4,4,4,4,4,5,5,5,4,5,4,5,4,5,4,5,5,4,5,4
3/25/2026 10:28:04,Female,24.0,Urban,College or higher,Yes,Yes,No,2,3,4,4,4,3,4,4,5,4,2,5,4,4,4,4,4,4,4,3,4,4,4,3,4,5,4,4,5,4,5,4,3,4,4,4,3,4,4,5,4,5,5,4,4,5,4,5,4,5,4,5,4,5,4,4,4
3/25/2026 10:29:41,Female,24.0,Urban,College or higher,Yes,Yes,Yes,3,2,4,4,4,4,4,2,2,4,3,3,4,4,4,3,4,4,4,3,3,4,5,5,5,4,3,4,5,3,5,5,4,5,4,5,5,4,4,4,4,3,5,5,5,5,5,5,4,4,5,5,5,5,5,5,5
3/25/2026 10:45:27,Male,24.0,Rural,College or higher,Yes,Yes,No,3,3,3,3,3,3,3,3,3,3,3,3,3,3,3,3,3,3,3,3,3,3,3,3,3,3,3,3,3,3,3,3,3,3,3,3,3,3,3,3,3,3,4,4,4,4,4,4,4,4,4,5,4,4,4,4,4
3/25/2026 10:57:39,Male,24.0,Urban,College or higher,Yes,Yes,No,4,3,4,4,5,4,5,4,5,4,4,3,4,3,3,4,3,4,4,4,4,3,3,2,1,2,4,2,4,4,3,3,4,3,3,3,4,2,3,3,4,3,4,4,2,3,3,4,3,4,4,4,4,4,3,4,4
3/26/2026 1:26:10,Female,24.0,Urban,College or higher,Yes,No,No,4,2,4,4,4,4,4,2,2,4,3,4,4,3,2,3,3,3,3,3,3,3,2,3,3,3,3,3,3,3,3,3,3,3,3,3,3,3,3,3,3,3,4,4,4,4,4,3,3,3,3,4,4,5,5,4,2
3/30/2026 5:37:22,Male,24.0,Rural,College or higher,No,No,No,3,3,4,4,4,3,4,4,4,4,4,4,4,3,4,3,3,4,4,4,4,4,3,3,3,2,3,3,2,3,3,2,3,3,3,3,3,3,2,3,3,2,4,4,4,4,3,3,3,4,4,3,4,4,4,3,3
4/2/2026 2:39:03,Male,24.0,Rural,College or higher,Yes,No,No,4,1,4,4,4,3,4,2,2,2,3,3,3,3,3,3,3,3,3,3,3,3,3,3,3,3,3,3,3,3,3,3,3,3,3,3,3,3,3,3,3,3,5,5,5,5,5,5,5,4,4,5,4,5,5,5,4
4/2/2026 8:53:19,Male,24.0,Urban,College or higher,Yes,Yes,No,5,5,5,5,4,5,5,4,4,4,5,4,4,4,4,4,5,4,5,4,4,4,4,4,4,3,4,4,4,4,3,5,3,4,3,4,4,4,4,5,4,5,5,4,5,4,5,4,3,3,4,5,4,4,5,5,5
4/3/2026 10:10:33,Female,24.0,Urban,College or higher,Yes,No,No,4,1,4,4,4,4,4,1,1,1,3,4,4,2,3,4,4,4,4,4,4,4,2,3,3,2,4,4,3,4,4,3,4,3,3,2,2,2,2,3,2,2,5,5,4,5,5,5,4,4,5,5,5,5,5,5,5
4/6/2026 13:04:51,Male,24.0,Urban,College or higher,Yes,Yes,No,4,3,4,3,3,3,4,4,4,4,3,4,4,4,4,3,4,4,3,4,4,4,3,3,3,4,4,4,4,4,3,3,4,4,4,4,3,4,4,3,3,3,5,5,4,4,4,5,5,5,5,5,4,4,4,5,5
4/6/2026 13:06:20,Male,24.0,Urban,College or higher,Yes,Yes,No,5,4,4,4,4,4,4,3,3,3,4,3,4,3,4,4,4,4,3,4,4,4,4,4,4,4,3,3,4,4,4,4,4,4,4,2,2,4,4,4,4,4,4,4,5,5,5,4,4,4,4,5,5,5,5,5,5
4/10/2026 9:20:35,Male,24.0,Rural,High school or lower,No,No,No,1,1,1,1,1,1,1,5,5,5,1,5,5,3,3,4,2,3,2,3,2,1,1,1,1,1,1,1,1,1,1,1,1,1,1,1,1,1,1,1,1,1,5,5,4,4,4,5,2,3,5,3,3,5,5,5,2
4/22/2026 11:54:18,Female,24.0,Rural,College or higher,Yes,No,No,4,3,3,4,3,4,4,3,3,4,4,3,3,3,4,3,3,4,4,4,4,4,3,3,3,3,3,3,3,3,3,4,4,3,4,4,3,4,3,3,3,3,4,4,4,4,3,3,3,3,3,3,3,3,4,4,4
4/22/2026 12:41:38,Female,24.0,Rural,College or higher,Yes,Yes,No,3,4,4,4,4,4,3,4,4,3,3,4,3,4,4,4,3,4,3,4,3,4,3,4,3,3,4,3,4,4,4,3,3,3,3,4,4,4,3,3,4,4,4,4,3,3,3,4,4,4,3,3,3,4,4,4,4
4/22/2026 13:20:44,Female,24.0,Rural,High school or lower,Yes,Yes,No,4,5,4,5,5,4,5,4,5,5,5,4,5,4,5,5,5,5,4,5,5,4,4,5,4,4,4,5,5,4,5,4,5,4,5,4,5,4,5,4,5,5,4,5,4,4,4,5,4,5,5,3,5,5,5,4,4
4/23/2026 5:10:49,Male,24.0,Rural,College or higher,Yes,Yes,Yes,3,4,3,4,2,5,3,2,3,4,4,4,4,4,5,4,5,5,5,5,5,5,4,5,5,3,5,5,5,5,5,5,5,5,5,5,5,5,5,5,5,3,5,3,4,4,4,3,4,4,5,5,4,3,3,4,2
4/23/2026 5:15:33,Female,24.0,Rural,College or higher,Yes,No,No,4,3,2,5,4,5,4,3,4,4,4,5,4,4,4,4,5,3,3,4,3,4,4,4,4,3,3,3,4,5,5,5,5,3,4,4,2,2,2,4,5,3,4,5,4,3,5,4,4,4,5,5,5,3,4,5,2
4/23/2026 7:43:31,Female,24.0,Urban,College or higher,Yes,Yes,No,4,2,4,4,4,3,4,2,2,4,2,3,4,3,4,4,3,3,2,2,4,4,3,3,3,2,3,3,3,3,3,3,3,2,3,2,4,3,3,3,2,3,5,5,4,5,5,4,3,3,3,3,4,4,5,4,4
4/23/2026 9:58:21,Male,24.0,Rural,College or higher,Yes,Yes,No,5,5,5,5,5,5,5,5,5,5,4,5,4,4,4,5,4,5,5,5,4,5,5,4,4,5,5,5,5,5,5,5,5,5,5,5,5,5,5,4,4,4,5,5,4,4,5,5,5,5,5,5,5,4,5,4,5
4/23/2026 10:01:47,Male,24.0,Urban,College or higher,Yes,Yes,Yes,3,3,3,3,3,3,3,3,3,3,3,3,3,3,3,3,3,3,3,3,3,3,4,4,4,4,4,4,4,4,4,4,4,4,4,4,4,4,4,4,4,4,4,4,4,4,4,4,4,4,4,4,4,4,4,4,4
4/23/2026 10:08:47,Male,24.0,Urban,College or higher,Yes,Yes,Yes,3,3,3,3,3,3,3,4,4,4,3,4,4,4,4,3,4,3,3,3,3,3,3,3,3,3,3,3,3,3,3,3,3,3,3,3,3,3,3,3,3,3,4,4,4,4,4,4,4,4,4,4,4,4,4,4,4
4/23/2026 23:50:33,Female,24.0,Urban,College or higher,Yes,Yes,No,5,2,5,3,5,5,5,2,2,5,2,3,3,5,5,5,5,5,5,5,5,5,5,5,5,5,5,5,5,5,5,5,5,5,5,5,5,5,5,5,5,5,5,5,5,5,5,5,5,5,5,5,5,5,5,5,5
4/24/2026 12:17:33,Female,24.0,Rural,College or higher,Yes,Yes,Yes,5,5,5,5,4,5,4,5,4,5,5,4,5,4,4,5,5,4,5,4,4,5,5,4,5,5,5,4,5,4,5,5,4,5,4,4,5,4,5,4,4,5,5,4,5,5,5,5,4,4,4,5,4,4,4,4,5
4/24/2026 12:28:41,Female,24.0,Urban,College or higher,Yes,Yes,No,5,4,3,4,4,4,5,4,5,4,3,4,4,3,4,5,4,4,5,4,5,4,5,4,5,4,5,4,5,4,5,4,5,4,5,4,5,4,5,5,4,5,5,5,4,4,4,5,5,5,4,4,4,5,4,4,4
4/24/2026 12:35:35,Male,24.0,Rural,College or higher,Yes,Yes,Yes,5,4,5,4,4,5,4,5,4,4,5,5,4,5,4,4,4,5,4,4,5,5,5,5,5,5,4,5,4,4,4,5,5,5,4,4,5,4,5,4,4,4,5,5,5,4,5,5,4,4,5,5,4,4,4,5,4
4/24/2026 12:55:11,Female,24.0,Rural,High school or lower,Yes,Yes,Yes,5,5,5,5,5,4,5,4,5,4,5,4,4,5,5,5,5,5,5,5,5,5,4,5,4,5,4,5,4,5,4,5,5,5,4,5,4,5,5,5,5,5,5,4,5,4,5,5,5,5,4,5,4,5,5,4,4
3/16/2026 1:08:21,Female,25.0,Urban,College or higher,Yes,Yes,No,2,3,2,4,4,3,4,2,4,2,3,4,4,2,3,1,3,3,3,3,2,3,4,5,3,2,1,3,4,5,5,4,4,5,3,3,4,2,2,3,3,3,4,5,4,4,5,4,5,4,5,3,4,3,3,3,4
3/16/2026 1:24:02,Female,25.0,Rural,College or higher,Yes,Yes,No,4,2,3,4,2,2,2,4,4,4,2,4,4,2,4,4,2,3,2,2,2,2,5,5,5,1,1,1,1,1,1,1,4,1,1,1,4,1,1,1,1,1,4,5,5,5,5,5,2,2,5,4,5,5,5,5,5
3/16/2026 2:20:17,Female,25.0,Urban,College or higher,Yes,No,No,5,5,5,5,5,5,5,5,5,5,5,5,5,5,5,5,5,5,5,5,5,5,5,5,5,5,5,5,5,5,5,5,5,5,5,5,5,5,5,5,5,5,5,5,5,5,5,5,5,5,5,5,5,5,5,5,5
3/16/2026 2:25:09,Female,25.0,Urban,College or higher,No,No,No,3,2,3,4,4,4,4,3,2,3,2,4,3,3,3,4,3,4,3,3,3,3,2,2,2,2,2,2,2,2,2,2,2,2,2,2,2,2,2,2,3,3,5,5,4,5,5,5,3,3,3,3,5,5,5,5,5
3/16/2026 2:40:59,Male,25.0,Rural,College or higher,Yes,No,No,3,3,3,3,3,3,3,3,3,3,3,3,3,3,3,3,3,3,3,3,3,3,1,1,1,1,1,1,1,1,1,1,1,1,1,1,1,1,1,1,1,1,3,3,3,3,3,3,3,3,3,3,3,3,3,3,3
3/16/2026 2:47:31,Female,25.0,Urban,College or higher,Yes,No,No,3,2,3,2,4,3,2,4,3,3,3,3,3,3,4,4,3,3,3,4,3,4,2,3,3,3,3,3,3,3,3,3,3,2,2,2,2,2,2,2,2,2,4,4,4,4,4,4,4,4,4,4,4,4,4,4,4
3/16/2026 2:47:37,Male,25.0,Rural,College or higher,Yes,Yes,No,3,4,3,5,4,3,4,3,3,4,4,5,5,3,3,3,4,3,4,3,2,3,2,3,3,2,2,1,1,2,2,2,3,4,2,2,3,4,4,3,2,5,4,5,5,5,5,4,3,3,4,4,5,5,4,4,4
3/16/2026 3:03:11,Male,25.0,Rural,College or higher,Yes,No,No,3,3,3,4,2,2,2,4,4,4,2,2,2,3,3,3,3,3,3,4,4,4,3,3,2,2,2,3,2,2,2,3,3,2,2,2,2,2,2,2,2,2,4,4,4,4,4,4,4,4,4,4,3,4,4,4,3
3/16/2026 3:43:48,Male,25.0,Urban,College or higher,Yes,Yes,No,4,4,4,4,4,3,3,2,2,3,2,3,3,4,4,3,3,3,3,3,3,3,4,4,4,4,4,4,4,4,4,4,4,4,3,4,4,3,3,3,3,3,4,4,4,4,4,4,4,4,4,4,4,4,4,4,4
3/16/2026 3:58:09,Female,25.0,Urban,College or higher,Yes,No,No,4,2,4,4,4,3,4,3,4,4,2,4,4,3,4,3,4,4,4,3,3,4,4,4,4,4,4,4,4,4,4,4,4,4,4,4,3,3,3,3,4,4,5,5,5,5,5,5,5,5,5,5,4,5,5,4,5
3/16/2026 5:26:22,Male,25.0,Urban,College or higher,No,No,No,4,4,4,4,4,4,4,3,3,4,2,3,3,3,3,3,3,3,3,3,3,3,3,3,3,3,3,3,3,3,3,3,3,3,3,3,3,3,3,3,3,3,5,5,5,5,5,5,3,3,5,5,5,5,5,5,4
3/16/2026 7:11:57,Male,25.0,Rural,College or higher,Yes,Yes,No,3,4,3,4,4,4,4,4,5,4,2,4,3,3,4,3,3,4,3,2,2,2,3,3,4,4,4,4,4,4,4,5,4,4,4,3,3,3,3,3,3,3,4,5,3,5,5,5,4,4,4,4,4,4,4,3,3
3/16/2026 7:38:59,Male,25.0,Urban,College or higher,No,No,Yes,3,3,3,3,3,3,3,3,3,3,3,3,3,3,3,3,3,3,3,3,3,3,3,3,3,3,3,3,3,3,3,3,3,3,3,3,3,3,3,3,3,3,2,2,2,2,2,2,2,2,2,2,2,2,2,2,2
3/16/2026 11:17:02,Male,25.0,Urban,College or higher,No,No,No,4,4,3,4,3,4,4,3,3,4,3,4,3,3,3,3,3,4,4,3,4,3,3,4,4,4,4,3,3,3,3,4,4,4,3,4,4,3,3,4,4,3,4,4,4,4,3,4,4,3,3,3,4,3,3,3,3
3/16/2026 12:40:56,Male,25.0,Urban,College or higher,Yes,No,No,1,3,3,4,3,4,4,2,5,3,3,5,5,2,4,4,3,3,3,2,3,3,3,4,3,2,4,5,4,4,4,3,4,3,3,3,4,4,4,4,3,4,5,4,4,3,4,4,4,4,3,4,4,3,4,5,4
3/17/2026 0:04:42,Female,25.0,Rural,College or higher,Yes,No,No,2,4,3,4,4,4,3,1,4,2,4,5,5,5,5,5,5,4,4,2,2,2,1,1,2,1,2,2,2,3,2,2,2,3,2,2,3,2,2,2,2,2,3,3,4,4,3,4,4,4,4,4,4,4,4,4,3
3/17/2026 0:55:29,Male,25.0,Urban,College or higher,No,Yes,No,5,2,5,5,5,5,5,2,3,2,4,3,2,3,3,4,2,4,4,4,4,4,3,3,3,3,3,3,3,3,3,3,3,3,3,3,3,3,3,3,3,1,4,4,4,4,4,4,4,4,4,4,2,3,4,4,4
3/17/2026 7:49:59,Male,25.0,Urban,College or higher,Yes,No,No,2,3,3,3,2,2,4,3,4,4,3,5,4,3,3,4,3,2,3,2,2,2,1,1,1,1,1,1,1,1,1,1,1,1,1,1,1,1,1,1,1,2,5,4,4,5,5,5,3,3,4,4,5,5,5,5,5
3/17/2026 8:17:29,Female,25.0,Urban,College or higher,Yes,No,No,4,2,4,4,4,3,4,2,2,4,2,3,3,4,4,4,3,4,3,3,3,4,3,4,4,4,4,4,4,4,4,4,4,4,4,3,4,5,5,5,5,3,4,4,4,4,5,5,5,3,5,5,3,3,3,4,4
3/17/2026 9:21:42,Male,25.0,Rural,College or higher,Yes,Yes,No,3,2,3,4,4,4,4,3,2,3,3,5,5,4,3,3,3,3,3,1,2,2,3,3,3,3,3,3,3,3,4,3,3,3,3,3,4,3,3,3,3,3,4,4,4,3,3,4,3,3,4,3,3,3,3,3,3
3/17/2026 9:32:12,Female,25.0,Urban,College or higher,No,Yes,No,5,3,5,5,4,4,5,3,4,2,3,4,4,3,2,3,3,4,3,2,2,2,4,4,4,3,2,2,3,3,3,2,3,3,4,3,2,2,1,2,2,1,4,5,4,5,5,5,5,5,4,4,4,5,5,4,3
3/17/2026 9:55:25,Female,25.0,Urban,College or higher,Yes,No,No,5,5,4,4,4,3,4,2,2,2,3,4,3,4,4,5,5,5,4,3,3,4,4,4,4,3,1,3,4,4,4,4,4,3,3,3,4,4,4,4,4,4,4,4,5,5,4,5,4,4,5,4,5,5,5,5,5
3/17/2026 10:13:44,Male,25.0,Urban,College or higher,Yes,Yes,Yes,3,3,4,4,3,3,3,2,3,3,3,4,4,4,4,3,4,4,3,2,3,3,4,4,4,3,3,3,3,3,3,3,4,4,4,3,3,3,3,3,4,4,4,4,4,4,4,4,3,4,4,4,4,4,4,4,4
3/17/2026 22:31:49,Female,25.0,Urban,College or higher,Yes,Yes,No,4,2,5,5,5,4,3,2,2,3,2,3,3,3,4,4,4,4,4,3,3,3,2,3,3,4,4,3,3,3,4,3,2,3,3,2,3,3,3,3,3,3,5,4,4,5,5,4,4,4,4,4,4,4,4,4,4
3/18/2026 5:22:43,Male,25.0,Urban,College or higher,No,No,No,1,3,2,1,4,3,1,4,5,5,2,3,3,3,3,3,3,3,3,3,3,3,2,2,4,2,2,2,2,2,2,2,2,2,2,2,4,5,5,5,2,5,5,5,3,5,5,5,5,5,5,5,5,5,5,5,5
3/25/2026 11:19:10,Male,25.0,Urban,College or higher,No,No,No,3,2,3,3,4,4,3,3,4,3,2,4,3,3,3,4,3,3,3,3,3,3,4,4,3,3,3,4,3,4,3,4,4,3,2,2,3,4,4,4,3,4,5,4,4,5,5,4,4,4,5,5,5,5,5,5,4
4/21/2026 1:44:35,Male,25.0,Rural,College or higher,Yes,Yes,No,4,3,5,4,5,3,4,3,4,5,3,4,3,5,4,4,5,3,4,5,4,3,4,3,4,4,4,3,3,3,4,4,3,3,3,4,3,2,2,3,3,2,5,4,4,3,4,4,3,3,4,4,3,3,4,4,4
4/22/2026 13:00:32,Male,25.0,Rural,College or higher,Yes,Yes,No,5,4,5,5,5,5,5,5,4,4,5,4,5,5,5,4,5,4,5,5,5,5,5,4,5,4,4,4,4,5,5,4,4,4,5,4,5,5,5,5,5,5,5,5,5,5,5,4,5,5,5,5,4,4,5,5,5
4/22/2026 13:07:17,Female,25.0,Urban,High school or lower,No,No,No,5,5,5,5,5,4,4,5,4,5,5,5,4,5,4,5,3,4,4,4,5,5,4,5,4,3,4,4,4,5,5,5,5,4,4,5,4,5,4,5,4,5,5,5,5,5,4,5,5,4,5,4,4,5,5,5,4
4/22/2026 13:17:58,Female,25.0,Urban,College or higher,Yes,Yes,Yes,4,5,5,4,5,4,5,5,4,5,5,4,4,5,4,5,4,5,5,5,4,5,5,4,5,5,4,5,5,5,4,5,4,5,5,4,5,4,5,4,5,5,5,4,5,5,4,5,4,4,5,5,5,5,5,4,5
4/23/2026 23:29:37,Female,25.0,Urban,College or higher,Yes,Yes,Yes,5,5,5,5,5,5,5,2,2,2,5,5,5,5,5,5,5,5,5,5,5,5,5,5,5,5,5,5,5,5,5,5,5,5,5,5,5,5,5,5,5,5,5,5,5,5,5,5,5,5,5,5,5,5,5,5,5
4/24/2026 9:44:45,Female,25.0,Rural,College or higher,Yes,Yes,No,5,5,5,5,5,5,5,5,5,5,4,5,4,5,4,5,4,5,4,5,4,5,5,5,5,5,4,5,4,5,5,5,5,5,5,5,5,4,5,5,4,5,4,4,4,4,4,5,5,5,4,5,5,5,5,4,3
4/24/2026 9:48:18,Female,25.0,Rural,High school or lower,Yes,Yes,No,5,4,5,4,4,5,4,4,4,4,5,5,4,5,4,5,4,5,4,5,4,5,5,5,4,5,4,5,4,5,5,5,5,5,5,5,5,4,5,4,5,4,5,5,5,5,4,5,5,4,5,5,4,5,5,5,4
4/24/2026 12:14:40,Female,25.0,Rural,College or higher,Yes,Yes,Yes,5,5,5,4,4,5,4,5,5,4,5,4,5,4,5,5,5,4,5,4,5,5,5,4,5,5,4,5,5,4,5,4,5,4,5,5,5,5,5,4,5,4,5,4,5,5,5,4,4,5,5,5,4,5,4,5,4
4/24/2026 12:31:36,Male,25.0,Urban,High school or lower,Yes,Yes,Yes,5,4,5,4,5,4,4,5,4,4,4,5,5,5,5,5,5,4,4,4,4,4,5,5,5,4,4,4,4,4,4,5,4,4,4,5,5,4,5,4,5,4,5,5,4,4,5,4,4,5,4,5,4,5,4,5,4
4/24/2026 12:38:39,Male,25.0,Rural,College or higher,Yes,Yes,No,5,4,5,5,4,5,5,4,5,5,5,4,5,4,4,5,5,5,4,4,5,5,5,4,5,4,4,5,5,5,4,4,4,4,5,4,4,4,4,4,4,4,5,5,4,4,5,5,4,4,5,5,4,4,5,5,5
4/24/2026 12:39:47,Female,25.0,Rural,High school or lower,Yes,Yes,No,5,4,5,4,5,4,5,4,5,4,4,3,4,3,4,3,4,3,4,3,3,5,5,4,5,5,5,4,5,4,5,4,5,4,5,4,5,4,5,4,5,4,5,4,4,5,5,4,4,4,5,5,5,4,4,5,5
4/24/2026 12:42:09,Female,25.0,Urban,College or higher,Yes,No,Yes,5,5,4,5,4,5,4,5,4,5,4,5,4,5,4,5,4,5,4,5,4,5,4,5,4,4,4,5,4,5,4,5,4,5,4,4,5,5,4,4,5,5,5,4,4,5,5,4,4,4,5,5,5,5,4,4,5
4/24/2026 12:48:58,Female,25.0,Urban,College or higher,Yes,Yes,Yes,5,4,4,4,5,4,5,5,5,4,5,4,5,4,4,5,5,5,4,5,4,4,5,4,4,5,4,4,5,5,5,4,5,4,4,4,4,5,4,4,4,4,5,5,5,4,4,5,4,5,4,5,4,4,4,5,4
4/24/2026 12:50:42,Female,25.0,Rural,College or higher,Yes,Yes,Yes,5,5,4,5,4,4,5,5,5,4,5,4,4,5,5,5,4,5,4,5,4,4,5,5,5,5,4,5,5,4,4,4,4,4,5,5,5,5,5,5,5,5,5,5,4,5,4,4,4,4,5,4,5,4,4,5,5
4/24/2026 12:59:29,Female,25.0,Urban,College or higher,Yes,Yes,Yes,5,5,5,5,4,5,4,2,2,5,5,5,5,5,4,5,5,4,5,5,5,5,5,5,5,4,5,4,5,5,5,5,5,5,5,5,4,4,5,5,5,4,5,5,5,5,5,5,4,4,5,4,5,5,5,4,4
3/16/2026 3:39:39,Female,26.0,Rural,College or higher,Yes,Yes,No,3,4,4,4,4,4,4,4,3,4,4,4,4,4,4,4,4,4,4,4,4,4,4,4,4,4,4,4,4,4,4,4,4,4,4,4,4,4,4,4,4,4,4,4,4,4,4,4,4,4,4,4,4,4,4,4,4
3/17/2026 8:15:26,Female,26.0,Urban,College or higher,Yes,Yes,No,3,2,3,4,4,3,4,2,3,3,3,4,4,3,3,4,4,4,3,3,3,3,2,2,2,2,3,2,3,3,2,2,2,2,2,2,2,2,2,2,2,2,5,5,4,5,5,5,4,4,4,4,5,5,4,4,4
4/7/2026 6:22:57,Female,26.0,Rural,College or higher,Yes,Yes,Yes,3,3,3,3,3,4,3,2,3,3,2,2,3,3,3,3,4,4,4,4,4,3,3,2,3,2,3,3,3,2,3,2,3,3,2,3,2,3,3,2,3,2,4,3,4,4,5,3,4,4,4,4,4,4,4,4,4
4/22/2026 11:47:00,Male,26.0,Urban,College or higher,Yes,Yes,Yes,4,4,5,5,4,4,4,4,5,4,4,4,4,3,4,3,3,3,4,3,4,4,3,4,4,5,4,4,4,5,4,4,4,5,5,4,4,4,4,4,4,5,4,5,5,5,5,4,4,5,5,4,4,4,5,5,4
4/22/2026 13:03:46,Male,26.0,Rural,College or higher,Yes,No,No,5,5,5,5,4,4,4,4,4,4,5,5,4,5,4,5,4,5,4,5,5,5,5,5,5,5,4,4,4,5,5,5,4,4,5,5,4,5,5,5,4,5,5,5,5,5,5,4,4,4,4,4,5,5,4,5,4
4/23/2026 10:07:13,Female,26.0,Urban,College or higher,Yes,Yes,Yes,4,4,4,4,4,4,4,4,4,4,4,4,4,4,4,4,4,4,4,4,4,4,4,4,4,4,4,4,4,4,4,4,4,4,4,4,4,4,4,4,4,4,4,4,4,4,4,4,4,4,4,4,4,4,4,4,4
4/23/2026 10:14:19,Female,26.0,Urban,College or higher,Yes,Yes,Yes,4,4,4,4,4,4,5,5,5,5,4,4,5,5,5,5,5,4,4,4,4,4,4,4,4,5,4,4,4,4,4,4,4,4,4,4,4,4,4,4,4,4,4,4,4,4,4,4,4,4,4,4,4,4,4,4,4
4/23/2026 10:17:52,Male,26.0,Urban,College or higher,Yes,No,No,3,1,4,4,4,4,4,1,1,1,1,3,3,5,5,5,5,5,5,5,5,5,3,2,2,3,3,3,4,4,4,4,4,4,4,4,4,4,4,4,4,4,5,4,5,5,5,5,5,5,5,5,5,5,5,5,5
4/24/2026 9:47:09,Male,26.0,Rural,High school or lower,Yes,Yes,Yes,5,5,5,5,5,5,5,5,5,5,5,5,5,5,5,5,5,5,5,5,5,5,4,5,4,5,4,4,4,5,5,4,5,5,5,4,5,4,5,5,5,5,5,5,5,5,4,5,5,5,5,4,5,5,4,4,4
4/24/2026 12:23:32,Female,26.0,Rural,College or higher,Yes,No,No,5,5,4,5,4,5,4,5,4,5,4,3,5,4,4,4,5,4,3,4,4,5,5,4,5,4,5,4,5,4,5,4,5,4,5,4,5,5,4,4,5,4,5,4,5,5,5,5,4,4,4,4,5,4,4,5,4
4/24/2026 12:52:06,Male,26.0,Urban,College or higher,Yes,Yes,Yes,5,4,5,4,5,4,4,5,4,4,5,4,5,4,5,4,4,4,4,5,5,5,4,5,4,5,4,5,4,5,5,4,5,4,5,4,5,4,5,4,5,4,5,4,4,5,5,4,4,5,4,4,4,5,4,5,4
4/24/2026 12:53:55,Female,26.0,Urban,College or higher,Yes,Yes,Yes,5,4,5,5,5,4,4,4,5,4,5,5,4,5,5,4,4,5,4,4,5,4,5,5,4,5,4,4,4,5,5,4,5,4,4,5,4,5,5,5,4,4,5,5,4,4,4,4,5,5,5,4,4,4,4,4,5
4/24/2026 12:56:06,Female,26.0,Urban,College or higher,Yes,Yes,Yes,5,5,4,4,5,4,5,4,5,4,5,4,5,4,5,4,4,5,5,5,5,5,4,4,5,5,4,4,5,4,5,4,5,4,5,4,5,4,5,4,5,4,5,5,5,4,4,4,4,4,5,5,5,4,4,4,4
4/24/2026 13:02:30,Female,26.0,Rural,College or higher,Yes,Yes,Yes,5,4,5,4,4,5,4,4,5,4,5,5,4,4,5,4,5,4,5,4,5,5,5,4,5,4,4,4,5,4,5,5,5,4,5,4,4,4,5,4,4,5,5,5,5,4,5,4,5,4,4,4,5,4,5,4,5
4/14/2026 8:57:51,Female,27.0,Rural,High school or lower,No,No,No,1,1,2,3,2,2,4,2,3,3,4,5,2,3,4,2,3,4,3,2,4,4,4,4,3,4,4,4,4,4,4,4,4,4,4,4,4,4,5,4,4,3,4,5,4,5,5,5,3,4,4,4,5,5,5,2,2
4/23/2026 2:10:27,Female,27.0,Rural,College or higher,Yes,Yes,Yes,4,4,3,3,3,4,3,4,4,4,4,4,3,3,3,3,3,4,4,4,4,4,3,3,3,4,4,4,4,4,4,3,3,3,3,3,3,4,4,4,4,4,5,4,5,5,5,4,4,4,4,4,5,5,5,5,4
4/24/2026 12:18:39,Male,27.0,Rural,High school or lower,Yes,Yes,Yes,5,4,4,5,4,5,4,5,4,5,4,4,4,5,4,5,5,5,5,5,5,5,4,3,4,5,5,4,5,4,5,5,4,4,5,5,4,5,5,4,4,5,5,5,4,5,4,5,4,5,4,4,4,5,4,4,4
4/24/2026 12:25:50,Male,27.0,Urban,College or higher,Yes,Yes,Yes,5,4,5,4,5,4,5,4,4,5,5,4,5,4,4,4,4,3,5,4,5,4,4,3,4,3,4,4,3,4,4,4,4,4,4,4,4,4,3,3,4,4,5,5,4,4,5,5,4,4,5,5,4,4,5,5,4
4/24/2026 12:29:52,Female,27.0,Rural,High school or lower,Yes,No,No,5,4,5,5,5,4,4,4,4,4,5,5,4,4,4,4,4,4,5,5,5,5,4,3,4,3,3,4,4,4,4,4,4,4,4,4,4,4,4,4,4,4,5,5,5,5,5,4,4,4,4,5,5,5,5,5,4
4/24/2026 12:43:20,Male,27.0,Urban,College or higher,Yes,No,Yes,5,4,5,4,4,4,5,5,5,5,4,5,4,5,5,4,5,4,5,4,5,4,5,4,5,4,5,4,5,4,4,5,5,4,4,5,4,5,5,4,4,4,5,4,5,4,4,5,5,4,4,5,5,4,4,5,5
4/24/2026 12:48:35,Female,27.0,Rural,College or higher,Yes,No,No,5,4,4,5,3,3,4,4,4,4,5,4,5,4,4,4,4,5,5,4,4,4,4,3,3,4,3,3,3,4,3,3,4,3,4,4,4,3,3,3,3,4,5,5,4,4,4,5,5,5,4,4,4,5,5,5,4
4/24/2026 12:50:55,Female,27.0,Rural,College or higher,Yes,Yes,No,5,4,5,5,5,4,4,5,5,5,4,3,5,5,5,4,4,5,5,4,4,5,5,5,4,4,5,5,4,4,5,4,4,4,5,5,4,4,4,4,4,4,5,4,5,5,5,4,4,5,5,5,5,5,5,4,4
4/24/2026 12:58:20,Male,27.0,Urban,High school or lower,Yes,Yes,Yes,5,4,5,4,5,5,4,5,5,4,5,5,4,4,5,5,4,5,5,4,5,5,5,4,5,5,4,5,5,5,4,5,5,4,5,4,5,5,4,4,5,5,5,5,5,5,5,4,4,4,4,5,5,4,4,5,5
4/24/2026 13:00:01,Male,27.0,Urban,College or higher,Yes,Yes,No,5,4,5,5,5,4,5,5,4,5,5,4,5,5,4,4,5,5,4,4,5,5,5,4,5,4,5,5,4,4,5,5,5,4,5,4,5,4,5,4,5,4,5,5,4,4,4,5,5,4,4,4,4,5,4,5,5
4/24/2026 13:00:36,Female,27.0,Urban,College or higher,Yes,Yes,Yes,5,4,5,5,5,4,5,4,4,4,5,4,5,4,4,5,4,4,5,5,4,5,5,4,4,4,4,5,4,5,4,5,5,5,4,4,4,5,4,5,5,5,5,5,5,4,5,4,4,4,5,4,5,4,4,5,5
3/17/2026 7:07:15,Female,28.0,Urban,College or higher,Yes,Yes,No,4,4,4,4,4,4,4,4,3,4,4,5,5,5,5,4,4,4,4,4,4,4,4,4,4,4,4,4,4,4,4,4,4,4,4,4,4,4,4,4,4,4,4,3,4,4,3,4,4,5,4,4,4,4,4,4,4
3/25/2026 11:07:46,Male,28.0,Rural,High school or lower,Yes,Yes,Yes,1,1,1,1,1,1,1,1,1,1,1,1,1,1,1,1,1,1,1,1,1,1,2,4,2,4,3,2,3,5,1,1,5,5,1,1,4,2,1,2,3,5,3,3,4,2,2,4,2,4,3,3,2,4,2,4,2
4/6/2026 12:47:54,Male,28.0,Urban,College or higher,Yes,Yes,No,4,3,3,4,3,4,3,4,3,4,2,3,4,5,4,4,5,4,4,3,4,4,3,2,3,3,3,2,3,3,3,3,3,3,2,3,3,2,3,3,2,3,4,3,4,5,3,4,3,3,4,3,2,3,3,5,4
4/18/2026 3:53:55,Female,28.0,Urban,College or higher,Yes,Yes,Yes,5,5,4,5,3,5,4,5,4,4,5,5,5,5,4,5,5,5,5,5,4,5,5,5,2,2,1,1,4,4,5,5,5,5,1,3,3,1,1,1,3,1,5,5,4,5,5,5,3,5,5,5,5,5,5,5,5
4/23/2026 0:48:20,Male,28.0,Urban,College or higher,Yes,Yes,No,2,2,3,3,3,3,3,3,3,3,2,3,4,3,4,3,3,3,3,2,2,2,2,2,2,2,2,2,2,2,2,2,2,2,3,2,2,2,2,2,2,2,4,4,4,4,4,4,5,5,4,5,5,5,5,4,4
4/23/2026 2:12:20,Male,28.0,Urban,College or higher,Yes,Yes,No,4,4,4,4,4,4,4,3,3,3,4,4,4,3,3,3,3,3,3,3,3,3,3,4,3,3,4,4,4,3,3,3,3,3,3,3,4,4,4,4,4,3,4,4,4,4,4,5,5,5,4,4,4,4,4,4,4
4/23/2026 2:12:26,Male,28.0,Urban,College or higher,Yes,Yes,No,4,4,4,4,4,4,4,3,3,3,4,4,4,3,3,3,3,3,3,3,3,3,3,4,3,3,4,4,4,3,3,3,3,3,3,3,4,4,4,4,4,3,4,4,4,4,4,5,5,5,4,4,4,4,4,4,4
4/23/2026 10:13:00,Female,28.0,Urban,College or higher,Yes,No,No,3,3,3,3,3,3,3,3,3,3,3,3,3,4,4,4,4,4,4,4,4,4,4,4,4,4,4,4,4,4,4,4,4,4,4,4,4,4,4,4,4,4,4,4,4,4,4,4,4,4,4,4,4,4,4,4,4
4/24/2026 9:52:30,Female,28.0,Rural,College or higher,Yes,Yes,Yes,5,5,5,5,5,5,4,5,4,4,5,5,4,4,5,4,5,5,5,5,5,5,5,5,5,4,4,4,4,4,4,5,4,5,4,4,4,4,4,5,5,5,5,5,5,5,5,4,5,4,5,5,5,5,5,5,4
4/24/2026 12:29:24,Female,28.0,Rural,College or higher,Yes,Yes,Yes,5,4,5,4,4,4,5,4,5,4,5,5,5,4,5,4,4,5,4,5,4,5,5,4,5,4,4,4,5,4,5,4,4,5,4,5,4,4,5,4,5,4,5,4,5,4,5,4,4,4,4,4,5,4,5,5,5
4/24/2026 12:36:57,Male,28.0,Urban,High school or lower,Yes,Yes,Yes,5,4,4,4,5,5,5,4,5,4,5,4,5,5,4,4,5,5,4,4,5,5,5,5,5,4,4,5,5,5,4,4,4,5,5,4,4,5,5,4,4,5,5,5,5,5,4,4,4,4,4,4,4,4,4,4,4
4/24/2026 12:38:27,Female,28.0,Rural,College or higher,Yes,Yes,Yes,5,5,4,4,4,5,4,4,4,4,5,5,5,4,5,4,4,5,4,5,4,4,5,4,4,4,4,5,5,5,4,5,4,5,4,4,5,4,5,5,4,4,5,5,4,4,5,5,4,5,5,5,5,4,4,5,4
4/24/2026 12:47:35,Male,28.0,Urban,College or higher,Yes,Yes,Yes,5,4,4,5,5,4,5,5,4,5,5,4,5,5,5,4,5,4,5,4,4,4,5,4,4,5,5,4,5,4,4,4,5,5,5,4,4,4,5,4,5,4,5,5,5,4,4,4,4,4,4,4,4,4,5,4,4
3/25/2026 11:50:41,Male,29.0,Rural,College or higher,No,No,No,3,3,3,3,3,3,3,3,3,3,3,3,3,3,3,3,3,3,3,3,3,3,3,3,3,3,3,3,3,3,3,3,3,3,3,3,3,3,3,3,3,3,4,3,4,4,4,4,4,4,3,3,4,3,5,4,4
3/25/2026 19:01:12,Female,29.0,Rural,High school or lower,No,Yes,No,4,4,4,4,4,4,4,2,3,3,3,4,4,4,4,3,3,3,2,3,2,2,1,2,2,2,3,3,3,3,3,3,3,3,3,3,3,3,3,3,3,3,3,3,3,4,4,4,2,2,4,3,4,4,5,4,5
3/26/2026 0:36:48,Female,29.0,Rural,College or higher,Yes,Yes,No,3,2,4,4,4,2,2,3,4,4,3,3,3,3,3,3,3,3,3,3,3,3,2,2,3,2,2,2,2,2,2,2,2,2,2,2,2,2,2,2,2,2,3,3,3,3,3,3,3,3,3,3,3,3,3,3,3
3/26/2026 1:44:31,Female,29.0,Urban,College or higher,Yes,Yes,Yes,4,3,3,4,4,3,4,3,4,3,2,3,4,4,4,4,3,4,4,3,3,3,2,2,3,2,2,2,2,2,2,2,4,2,2,2,2,3,3,3,2,2,3,4,4,4,4,4,4,4,5,4,4,5,5,5,5
4/6/2026 12:16:32,Male,29.0,Urban,College or higher,Yes,Yes,Yes,3,4,4,5,4,4,4,5,3,4,2,3,4,3,4,2,3,4,3,3,4,3,4,5,4,4,3,3,4,3,4,5,3,4,3,5,4,4,4,5,4,5,3,4,5,5,4,5,3,4,4,5,4,4,3,4,4
4/24/2026 12:19:58,Male,29.0,Urban,College or higher,Yes,Yes,Yes,5,4,5,4,5,4,5,4,5,4,4,5,4,4,4,4,5,4,5,4,5,4,5,4,5,4,4,4,4,5,5,4,4,5,4,5,4,5,4,4,5,5,5,5,4,4,5,5,5,4,4,5,5,4,4,5,5
4/24/2026 12:23:16,Male,29.0,Rural,College or higher,Yes,Yes,Yes,5,4,4,4,5,4,5,5,4,5,5,4,5,4,5,4,4,5,4,5,4,5,5,5,4,5,4,5,5,5,4,5,4,5,4,5,4,5,4,4,4,5,5,4,5,5,5,5,5,4,5,4,5,4,5,5,5
4/24/2026 12:25:23,Male,29.0,Rural,College or higher,Yes,Yes,Yes,5,4,5,5,4,5,4,5,4,5,5,4,5,4,5,4,5,5,5,4,5,5,5,4,5,5,4,5,5,5,5,4,5,4,5,4,5,4,5,4,4,5,5,5,5,4,5,4,5,4,4,5,4,5,4,5,4
4/24/2026 12:47:23,Female,29.0,Urban,College or higher,Yes,Yes,Yes,5,5,4,4,4,3,3,4,4,4,5,5,5,5,4,4,4,4,4,4,4,4,5,5,5,4,4,4,5,5,4,4,4,4,4,4,4,5,5,5,4,4,5,5,4,4,4,5,5,4,4,4,5,5,5,4,4
4/24/2026 12:53:28,Female,29.0,Rural,College or higher,Yes,Yes,Yes,5,4,4,4,5,4,5,4,4,4,5,4,5,3,3,4,4,4,4,3,4,3,4,3,5,4,5,4,5,4,5,4,5,4,5,4,5,4,5,4,5,5,5,5,4,4,4,5,5,5,4,4,4,4,5,5,5
4/24/2026 13:01:10,Female,29.0,Urban,College or higher,No,No,No,5,5,4,4,5,5,4,4,5,5,5,4,5,4,5,4,5,4,5,4,5,4,4,3,5,5,4,4,5,5,4,4,5,4,5,4,5,4,4,5,4,5,5,4,5,4,5,4,5,4,5,5,4,4,4,4,4
3/25/2026 12:06:53,Male,30.0,Rural,High school or lower,Yes,Yes,No,3,3,3,3,3,3,3,3,3,3,3,3,3,3,3,3,3,3,3,3,3,3,2,2,2,2,2,2,2,2,2,2,2,2,2,2,2,2,2,2,2,2,5,5,5,5,5,5,5,5,5,5,5,5,5,5,5
3/25/2026 21:23:30,Female,30.0,Urban,College or higher,Yes,Yes,No,2,2,2,2,2,2,2,2,2,2,2,2,2,2,2,2,2,2,2,2,2,2,3,3,3,3,3,3,3,3,3,3,3,3,3,3,3,3,3,3,3,3,2,2,2,2,2,2,2,2,2,2,2,2,2,2,2
3/26/2026 7:23:33,Male,30.0,Rural,High school or lower,Yes,Yes,Yes,3,4,3,3,3,3,3,3,3,3,4,3,3,3,3,3,3,3,3,3,3,3,5,4,4,4,4,4,3,4,4,4,3,3,3,3,3,3,3,3,3,3,4,4,4,5,4,5,2,3,3,3,3,3,3,3,3
4/22/2026 11:56:28,Male,30.0,Rural,College or higher,Yes,Yes,Yes,4,5,4,4,4,4,4,4,4,4,4,3,3,4,5,5,4,4,4,4,5,4,4,4,5,4,4,5,4,4,4,4,4,4,4,4,5,4,4,4,4,4,4,5,5,5,4,4,4,4,4,5,4,4,4,4,4
4/23/2026 10:10:09,Female,30.0,Urban,College or higher,Yes,Yes,Yes,4,4,4,4,4,4,4,4,4,4,4,4,4,4,4,4,4,4,4,4,4,4,3,3,3,3,4,4,4,4,4,4,4,4,4,4,4,4,4,4,4,4,4,4,4,4,4,4,4,4,4,4,4,4,4,4,4
4/23/2026 10:11:39,Male,30.0,Rural,High school or lower,Yes,No,No,3,3,3,3,3,3,3,3,3,3,3,3,3,3,3,3,3,3,3,3,3,3,3,3,3,3,3,3,3,3,3,3,3,3,3,3,3,3,3,3,3,3,4,4,4,4,4,4,4,4,4,4,4,4,4,4,4
4/23/2026 10:57:25,Female,30.0,Rural,High school or lower,No,No,No,5,5,5,5,5,5,5,3,3,3,1,4,4,5,3,3,3,4,4,3,3,4,5,5,5,5,5,5,5,5,5,5,5,5,5,5,5,5,5,5,5,3,5,5,5,5,5,5,5,5,5,5,5,5,5,5,5
4/25/2026 6:07:28,Female,30.0,Rural,High school or lower,No,Yes,No,3,5,5,5,5,5,5,4,4,4,2,4,4,4,4,3,4,4,4,4,4,4,4,4,4,4,4,4,4,4,4,4,4,4,4,4,4,4,4,4,3,3,5,5,5,5,5,5,5,5,5,5,5,5,5,5,5
4/25/2026 6:16:49,Female,30.0,Urban,High school or lower,No,No,No,5,5,5,5,5,5,5,5,4,4,3,4,4,5,5,5,5,5,5,5,5,5,4,4,4,4,4,4,4,4,4,4,4,4,4,4,4,4,4,4,3,3,5,5,5,5,5,5,5,5,5,5,5,5,5,5,5
4/25/2026 6:19:07,Male,30.0,Urban,High school or lower,No,No,No,5,5,5,5,5,5,5,5,4,3,3,4,4,5,5,5,5,5,5,5,5,5,4,4,4,4,4,4,4,4,4,4,4,4,4,4,4,4,4,4,3,3,5,5,5,5,5,5,5,5,5,5,5,5,5,5,5
4/25/2026 6:27:44,Male,30.0,Urban,High school or lower,No,Yes,No,5,5,5,5,5,5,5,3,4,3,3,4,4,5,5,5,5,5,5,5,5,5,5,5,5,5,5,5,5,5,5,5,5,5,5,5,5,5,5,5,4,4,5,5,5,5,5,5,5,5,5,5,5,5,5,5,5
4/24/2026 12:12:11,Male,31.0,Urban,College or higher,Yes,Yes,Yes,4,5,5,4,5,5,4,4,5,4,5,4,5,4,5,4,5,5,5,5,4,4,5,4,5,5,4,5,5,4,5,4,5,4,5,4,5,5,4,5,4,5,5,5,5,5,5,5,5,4,5,4,4,4,4,4,5
4/23/2026 2:14:49,Female,32.0,Rural,High school or lower,Yes,No,No,4,4,3,3,3,3,3,3,3,4,4,4,4,4,4,4,3,3,3,3,4,4,4,4,3,3,3,3,4,4,4,4,4,4,3,3,3,3,3,3,4,4,4,4,4,4,4,5,5,5,4,4,4,4,4,4,4
4/23/2026 2:16:48,Male,34.0,Rural,College or higher,No,No,No,3,3,3,3,3,3,4,4,4,3,3,4,4,4,3,3,3,4,3,3,3,3,4,4,3,3,3,3,3,3,4,4,4,4,4,4,3,3,3,3,3,3,4,4,4,3,3,3,3,3,3,4,4,4,3,3,3
4/24/2026 12:19:55,Male,34.0,Urban,College or higher,Yes,Yes,Yes,5,4,5,5,5,5,4,5,4,5,5,4,5,5,5,4,5,4,5,4,4,5,5,4,5,4,5,4,5,4,5,4,5,4,5,5,5,4,5,4,5,4,5,5,5,5,4,5,4,4,5,4,5,4,4,4,5
4/23/2026 10:24:22,Female,38.0,Rural,College or higher,Yes,Yes,Yes,4,1,4,3,4,4,4,3,3,1,3,3,1,4,4,4,4,4,4,4,4,4,4,5,4,5,5,5,5,5,5,5,5,5,5,5,5,5,5,5,5,5,5,5,5,5,5,5,5,5,5,5,5,5,5,5,5
4/23/2026 9:10:01,Female,40.0,Urban,College or higher,Yes,Yes,No,4,2,4,4,4,4,4,2,4,4,2,4,4,4,4,4,4,4,4,4,4,4,4,3,3,3,3,3,3,3,3,3,3,3,3,3,3,3,3,3,3,3,5,5,4,5,5,5,4,4,4,4,4,4,4,4,4
4/24/2026 12:56:26,Female,42.0,Rural,College or higher,Yes,No,No,4,5,4,5,4,5,4,5,4,5,5,4,5,4,5,4,4,5,5,5,5,5,5,5,5,4,5,4,5,5,5,4,5,4,5,4,5,5,5,5,5,5,5,5,5,4,4,5,4,4,5,5,5,5,5,4,4
4/23/2026 1:02:53,Female,43.0,Rural,College or higher,Yes,Yes,No,3,2,2,3,4,4,2,4,4,4,2,5,4,4,4,3,4,4,4,4,3,3,2,2,3,3,3,4,5,1,3,3,2,1,1,4,4,1,1,1,2,2,4,4,5,4,4,4,2,2,2,3,3,3,2,3,3
4/23/2026 20:01:35,Female,46.0,Urban,College or higher,Yes,Yes,No,4,4,4,4,4,4,4,4,4,4,4,4,4,4,4,4,4,4,4,4,4,4,3,3,3,3,3,3,3,3,3,3,3,3,3,3,3,3,3,3,3,3,4,4,4,4,4,4,4,4,4,4,4,4,4,4,4
3/25/2026 11:58:53,Female,29.0,Urban,College or higher,Yes,Yes,Yes,5,5,5,5,5,5,5,5,5,5,5,5,5,5,5,5,5,5,5,5,5,5,5,5,5,5,5,5,5,5,5,5,5,5,5,5,5,5,5,5,5,5,5,5,5,5,5,5,5,5,5,5,5,5,5,5,5
3/17/2026 7:31:27,Female,23.0,Rural,College or higher,Yes,Yes,Yes,3,3,3,3,3,4,4,3,3,2,3,3,3,3,3,3,3,3,3,3,3,3,2,4,3,3,2,2,2,2,2,2,2,2,2,2,2,2,2,2,2,2,4,4,4,4,4,4,4,3,3,3,3,3,3,3,3
3/16/2026 2:59:07,Female,22.0,Rural,College or higher,Yes,No,No,2,3,3,3,3,4,4,3,3,4,2,3,3,3,4,3,3,4,3,3,3,3,3,3,3,3,3,3,3,3,3,3,3,3,3,3,4,3,3,3,3,3,4,4,4,4,4,4,4,4,4,4,4,4,4,4,4
3/16/2026 1:52:48,Female,19.0,Urban,College or higher,Yes,No,No,2,3,2,3,2,2,2,4,3,4,3,3,3,3,3,3,3,3,3,3,3,3,2,2,2,2,2,2,2,2,2,2,2,2,2,2,2,2,2,2,2,2,4,4,4,4,4,4,4,4,4,4,4,4,4,4,4
3/17/2026 11:29:08,Female,20.0,Rural,College or higher,Yes,Yes,No,5,1,5,5,5,5,5,5,5,5,4,4,4,4,4,4,4,4,4,4,4,4,4,4,4,4,4,4,4,4,4,4,4,4,4,4,4,4,4,4,4,4,5,5,5,5,5,5,5,5,5,5,5,5,5,5,5
4/23/2026 5:27:19,Female,20.0,Rural,College or higher,Yes,Yes,No,3,3,3,3,3,3,3,3,3,3,3,3,3,3,3,3,3,3,3,3,3,3,4,4,4,4,4,4,4,4,4,4,4,4,4,4,4,4,4,4,4,4,4,4,4,4,4,4,4,4,4,4,4,4,4,4,4
